name,type,rating,count,address,comment,lat,lon,geometry
Tiá»‡m cÃ¢y NgÆ°á»i LÃ m VÆ°á»n,QuÃ¡n cÃ  phÃª,4.7,87.0,"55 SÆ°Æ¡ng Nguyá»‡t Anh, Quáº­n 1, ThÃ nh phá»‘ Há»“ ChÃ­ Minh",Do Ä‘i sÃ¡ng chá»§ nháº­t nÃªn khÃ´ng cÃ³ mÆ°a vÃ  khÃ´ng khÃ­ buá»•i sÃ¡ng ráº¥t tá»‘t ğŸ’¯,10.7716658,106.6888632,POINT (106.6888632 10.7716658)
Tonkin Specialty Coffee,QuÃ¡n cÃ  phÃª,4.9,3600.0,"91 LÃ½ Tá»± Trá»ng, Quáº­n 1, ThÃ nh phá»‘ Há»“ ChÃ­ Minh","Coffee ngon, chá»— ngá»“i chill vÃ  yÃªn tÄ©nh, phÃ¹ há»£p Ä‘i vá»›i báº¡n bÃ¨",10.7744477,106.697708,POINT (106.697708 10.7744477)
See'm Coffee & Rooftop Quáº­n 1,QuÃ¡n cÃ  phÃª,4.9,47.0,"85 Nguyá»…n VÄƒn Thá»§, Quáº­n 1, ThÃ nh phá»‘ Há»“ ChÃ­ Minh","nÆ°á»›c ngon, nhÃ¢n viÃªn nhiá»‡t tÃ¬nh, quÃ¡n view Ä‘áº¹p",10.7890772,106.6981947,POINT (106.6981947 10.7890772)
The Balcony Coffee,QuÃ¡n cÃ  phÃª,4.8,174.0,"26 LÃ½ Tá»± Trá»ng, Quáº­n 1, ThÃ nh phá»‘ Há»“ ChÃ­ Minh","Ráº¥t áº¥n tÆ°á»£ng vá»›i mÃ³n uá»‘ng vá»«a ngon vá»«a Ä‘áº¹p, nÃªn thá»­ bÃ¡nh tÃ´m nhÃ©",10.7781958,106.701136,POINT (106.701136 10.7781958)
Soo Kafe Báº¿n ThÃ nh,QuÃ¡n cÃ  phÃª,4.7,1800.0,"35 Phan Chu Trinh, Quáº­n 1, ThÃ nh phá»‘ Há»“ ChÃ­ Minh","KhÃ´ng gian vá»«a, Ä‘áº¹p, ngá»“i chill chill, hay lÃ m viá»‡c Ä‘á»u á»•n.",10.7725434,106.6971552,POINT (106.6971552 10.7725434)
Beanthere Cafe - Há»“ Háº£o Há»›n,QuÃ¡n cÃ  phÃª,4.5,907.0,"42 Há»“ Háº£o Há»›n, Quáº­n 1, ThÃ nh phá»‘ Há»“ ChÃ­ Minh",Menu Ä‘a dáº¡ng nhÆ°ng nÆ°á»›c mÃ¬nh uá»‘ng tháº¥y bÃ¬nh thÆ°á»ng ko áº¥n tÆ°á»£ng láº¯m.,10.759873,106.693992,POINT (106.693992 10.759873)
OKKIO Caffe - Tá»± Do (2nd floor),QuÃ¡n cÃ  phÃª,4.6,407.0,"151 Äá»“ng Khá»Ÿi, Quáº­n 1, ThÃ nh phá»‘ Há»“ ChÃ­ Minh",GiÃ¡ cao hÆ¡n so vá»›i máº·t báº±ng nhÆ°ng  cÅ©ng á»•n.,10.7758733,106.7034298,POINT (106.7034298 10.7758733)
Äáº¡m Cafe & Kitchen,QuÃ¡n cÃ  phÃª,4.9,292.0,"69 TÃ´n Tháº¥t Äáº¡m, Quáº­n 1, ThÃ nh phá»‘ Há»“ ChÃ­ Minh","Sau Ä‘Ã³ báº¡n mÃ¬nh nháº¯n nÃ³i fai uá»‘ng mÃ³n oatmilk coffee á»Ÿ Ä‘Ã³ nha, siÃªu ngon!",10.7713047,106.7029679,POINT (106.7029679 10.7713047)
CATFE,QuÃ¡n cÃ  phÃª,4.8,2900.0,"119 Nguyá»…n Thá»‹ Minh Khai, Quáº­n 1, ThÃ nh phá»‘ Há»“ ChÃ­ Minh","CÃ³ chá»• Ä‘á»• xe hÆ¡i á»Ÿ cáº¡nh bÃªn cÃ¡ch vÃ i cÄƒn, mÃ¨o Ä‘áº¹p, nhÃ¢n viÃªn nhiá»‡t tÃ¬nh.",10.7735173,106.6893951,POINT (106.6893951 10.7735173)
Oromia Coffee & Lounge,QuÃ¡n cÃ  phÃª,4.0,740.0,"85 Phan Káº¿ BÃ­nh, Quáº­n 1, ThÃ nh phá»‘ Há»“ ChÃ­ Minh","NÆ°á»›c ngon, view Ä‘áº¹p, Ä‘i buá»•i sÃ¡ng nÃªn khÃ´ng gian khÃ¡ tá»‘t, yÃªn tÄ©nh,",10.790062,106.699164,POINT (106.699164 10.790062)
Tiá»‡m cÃ  phÃª Linh,QuÃ¡n cÃ  phÃª,4.3,740.0,"118 BÃ¹i Thá»‹ XuÃ¢n, Quáº­n 1, ThÃ nh phá»‘ Há»“ ChÃ­ Minh","CÃ³ nhiá»u gÃ³c chá»¥p hÃ¬nh Ä‘áº¹p,chill chill,  phá»‘,  xe qua láº¡i.",10.7702003,106.6887944,POINT (106.6887944 10.7702003)
Paper & I,QuÃ¡n cÃ  phÃª,4.2,536.0,"152 Nam Ká»³ Khá»Ÿi NghÄ©a, Quáº­n 1, ThÃ nh phá»‘ Há»“ ChÃ­ Minh","View ban cÃ´ng & view trong nhÃ  Ä‘á»u Ä‘áº¹p, mÆ°a chill.",10.7783532,106.6963208,POINT (106.6963208 10.7783532)
Good Days Tea & Coffee,QuÃ¡n cÃ  phÃª,4.5,946.0,"Cafe apartment, 42 NguyÃªÌƒn HuÃªÌ£, Quáº­n 1, ThÃ nh phá»‘ Há»“ ChÃ­ Minh",View quÃ¡n cÃ²n nhÃ¬n ra Ä‘Æ°á»£c toÃ  nhÃ  biá»ƒu tÆ°á»£ng Bitexco cá»§a TP.,10.7740557,106.7041347,POINT (106.7041347 10.7740557)
MeTrang Coffee - 1A CÃ´ng TrÆ°á»ng MÃª Linh,QuÃ¡n cÃ  phÃª,4.5,580.0,"1a CÃ´ng trÆ°á»ng MÃª Linh, Quáº­n 1, ThÃ nh phá»‘ Há»“ ChÃ­ Minh",Nhá»¯ng mÃ³n Äƒn vÃ  thá»©c uá»‘ng Ä‘áº¹p máº¯t cÅ©ng ngon miá»‡ng.,10.776086,106.706414,POINT (106.706414 10.776086)
The Running Bean Máº¡c Thá»‹ BÆ°á»Ÿi - Coffee and Brunch,QuÃ¡n cÃ  phÃª,4.7,2400.0,"33 Máº¡c Thá»‹ BÆ°á»Ÿi, Quáº­n 1, ThÃ nh phá»‘ Há»“ ChÃ­ Minh","KhÃ´ng gian Ä‘áº¹p, Ä‘á»“ Äƒn vÃ  coffee ngon, nhÃ¢n viÃªn nhiá»‡t tÃ¬nh",10.7756288,106.7050314,POINT (106.7050314 10.7756288)
TiÃªn LÃ£ng Coffee CS3 - CÃ  PhÃª Äiáº¿u CÃ y - Thuá»‘c lÃ o Quáº­n 1,QuÃ¡n cÃ  phÃª,5.0,507.0,"196 VÃµ VÄƒn Kiá»‡t, Quáº­n 1, ThÃ nh phá»‘ Há»“ ChÃ­ Minh","view Ä‘áº¹p, nhÃ¢n viÃªn nhiá»‡t tÃ¬nh, menu há»£p lÃ­,  ráº¥t tuyá»‡t",10.7672295,106.7017141,POINT (106.7017141 10.7672295)
GÃ“C cÃ  phÃª â˜•ï¸,QuÃ¡n cÃ  phÃª,3.7,442.0,"50 Nguyá»…n ThÃ¡i BÃ¬nh, Quáº­n 1, ThÃ nh phá»‘ Há»“ ChÃ­ Minh",QuÃ¡n 7/10- nhÃ¢n viÃªn 7/10 .. khÃ´ng gian thoÃ¡t mÃ¡t â€¦ Ä‘á»“ uá»‘ng 8/10,10.7693136,106.6998062,POINT (106.6998062 10.7693136)
Rang Rang Coffee - Hai BÃ  TrÆ°ng,QuÃ¡n cÃ  phÃª,4.2,631.0,"74 Hai BÃ  TrÆ°ng, Quáº­n 1, ThÃ nh phá»‘ Há»“ ChÃ­ Minh",Trong menu cÃ³ mÃ³n Doppio espresso 60k nhÆ°ng gá»i solo espresso cÅ©ng 60k!,10.7783472,106.7038891,POINT (106.7038891 10.7783472)
View Äáº¹p,QuÃ¡n cÃ  phÃª,4.7,6.0,"159 Pháº¡m NgÅ© LÃ£o, Quáº­n 1, ThÃ nh phá»‘ Há»“ ChÃ­ Minh","thoÃ¡ng mÃ¡t, sáº¡ch Ä‘áº¹p
nhÃ¢n viÃªn nhiá»‡t tÃ¬nh
GiÃ¡ ok",10.7691149,106.6944326,POINT (106.6944326 10.7691149)
Dinh Äá»™c Láº­p Cafe - 106 Nguyá»…n Du,QuÃ¡n cÃ  phÃª,4.2,161.0,"106 Nguyá»…n Du, Quáº­n 1, ThÃ nh phá»‘ Há»“ ChÃ­ Minh","QuÃ¡n khÃ¡ Ä‘áº¹p,  khÃ¡ ngon nhÆ°ng giÃ¡ cÅ©ng tÆ°Æ¡ng Ä‘á»‘i cao.",10.77658435,106.69728373923161,POINT (106.69728373923161 10.77658435)
1991 Rooftop Coffee & More,QuÃ¡n cÃ  phÃª,4.7,122.0,"37/4 Äinh CÃ´ng TrÃ¡ng, Quáº­n 1, ThÃ nh phá»‘ Há»“ ChÃ­ Minh","View Ä‘áº¹p, nÆ°á»›c ngon, nhÃ¢n viÃªn nhiá»‡t tÃ¬nh, nÃªn tráº£i nghiá»‡m, keo nha mom",10.7902646,106.6919979,POINT (106.6919979 10.7902646)
This & That Coffee and Tea,QuÃ¡n cÃ  phÃª,4.2,303.0,"59 Pháº¡m Viáº¿t ChÃ¡nh, Quáº­n 1, ThÃ nh phá»‘ Há»“ ChÃ­ Minh","BÃ¡nh crepe tiramisu, phÃ´ mai, trÃ  xanh ngon: 65k/slide khÃ¡ lá»›n.",10.7671292,106.6842543,POINT (106.6842543 10.7671292)
OKKIO Caffe - LÃª Lá»£i (2nd floor),QuÃ¡n cÃ  phÃª,4.6,1200.0,"120 - 122 LÃª Lá»£i, Quáº­n 1, ThÃ nh phá»‘ Há»“ ChÃ­ Minh",â˜•ï¸ Äá»“ uá»‘ng táº¡m Ä‘Æ°á»£c: MÃ¬nh thÃ­ch báº¡c xÄ©u nhÆ°ng khÃ´ng thÃ­ch banana latte.,10.7725238,106.698948,POINT (106.698948 10.7725238)
CÃ  phÃª CÃ´ Ba Äá»“ng Khá»Ÿi,QuÃ¡n cÃ  phÃª,4.3,1500.0,"4-6 Äá»“ng Khá»Ÿi, Quáº­n 1, ThÃ nh phá»‘ Há»“ ChÃ­ Minh","NÆ°á»›c á»•n, bÃ¡nh crepe Ä‘Ã o ngon, view Ä‘áº¹p, gÃ­a hÆ¡i nhÄ©n 1 hÆ¡n chÃºt.",10.776248848042945,106.70287443808908,POINT (106.70287443808908 10.776248848042945)
BÃ¢ng KhuÃ¢ng CafÃ©,QuÃ¡n cÃ  phÃª,4.3,627.0,"2nd floor, 9 ThÃ¡i VÄƒn Lung, Quáº­n 1, ThÃ nh phá»‘ Há»“ ChÃ­ Minh",QuÃ¡n cÅ©ng cÃ³ khÃ¡ch nÆ°á»›c ngoÃ i Ä‘áº¿n chá»©ng tá» quÃ¡n cÅ©ng Ä‘Æ°á»£c tÃ¬m kiáº¿m.,10.7787019,106.7052509,POINT (106.7052509 10.7787019)
CÃ  PhÃª CÃ´ Ba ThÃ¬,QuÃ¡n cÃ  phÃª,4.3,63.0,"30 TÃ´n Tháº¥t TÃ¹ng, Quáº­n 1, ThÃ nh phá»‘ Há»“ ChÃ­ Minh","View quÃ¡ Ä‘áº¹p, khÃ´ng gian nhá»™n nhá»‹p & dá»… thÆ°Æ¡ng, menu Ä‘á»™c & láº¡.",10.769948,106.688637,POINT (106.688637 10.769948)
Cheese Coffee - CÃ´ng TrÆ°á»ng Lam SÆ¡n,QuÃ¡n cÃ  phÃª,4.4,350.0,"9 CÃ´ng trÆ°á»ng Lam SÆ¡n, Quáº­n 1, ThÃ nh phá»‘ Há»“ ChÃ­ Minh","ngon
NhÃ¢n viÃªn nhiá»‡t tÃ¬nh
KhÃ´ng gian nhá» nhá» xinh xinh",10.77680625,106.70321295455926,POINT (106.70321295455926 10.77680625)
11:11 cafe,QuÃ¡n cÃ  phÃª,3.9,145.0,"144/7 Pasteur, Quáº­n 1, ThÃ nh phá»‘ Há»“ ChÃ­ Minh","MÃ¬nh Äƒn brownie vá»›i loáº¡i bÃ¡nh Ä‘en Ä‘en gÃ¬ Ä‘áº¥y Ä‘á»u ngon
Capu k ngon.",10.770181520755065,106.70279680630387,POINT (106.70279680630387 10.770181520755065)
CÃ  PhÃª Trá»©ng 3T,QuÃ¡n cÃ  phÃª,4.0,1100.0,"2B NgÃ´ VÄƒn NÄƒm, Quáº­n 1, ThÃ nh phá»‘ Há»“ ChÃ­ Minh",Má»™t trong nhá»¯ng quÃ¡n  ngon vÃ  Ä‘áº¹p á»Ÿ SÃ i GÃ²n Ä‘Ã¡ng Ä‘á»ƒ tráº£i nghiá»‡m.,10.780697417344657,106.70661638519681,POINT (106.70661638519681 10.780697417344657)
The 15 Minutes Coffee & Tea,QuÃ¡n cÃ  phÃª,4.7,71.0,"1-1a TÃ´n Äá»©c Tháº¯ng, Quáº­n 1, ThÃ nh phá»‘ Há»“ ChÃ­ Minh","Ráº¥t thÃ­ch khÃ´ng gian nÃ y, vá»«a  Ä‘áº¹p nhÆ°ng ráº¥t yÃªn tÄ©nh.",10.784982067746919,106.70342603029093,POINT (106.70342603029093 10.784982067746919)
Phiáº¿m Rooftop,QuÃ¡n cÃ  phÃª,4.8,24.0,"97 Äáº·ng Dung, Quáº­n 1, ThÃ nh phá»‘ Há»“ ChÃ­ Minh","10 Ä‘iá»ƒm cho ts, 10 Ä‘iá»ƒm Ä‘á»“ Äƒn 10 Ä‘iá»ƒm cho cÃ¡i vibe á»Ÿ Ä‘Ã³ luÃ´n",10.7923772,106.6886264,POINT (106.6886264 10.7923772)
Cafe TÃ¨o premium - Quáº­n 1,QuÃ¡n cÃ  phÃª,4.1,553.0,"266 Tráº§n HÆ°ng Äáº¡o, Quáº­n 1, ThÃ nh phá»‘ Há»“ ChÃ­ Minh","sá»¯a: 35k
TrÃ  váº£i: 55k
Cháº¥t lÆ°á»£ng thÃ¬ cÅ©ng tÆ°Æ¡ng tá»± nhá»¯ng quÃ¡n khÃ¡c.",10.759669,106.686813,POINT (106.686813 10.759669)
The Workshop Coffee,QuÃ¡n cÃ  phÃª,4.5,3800.0,"27 NgÃ´ Äá»©c Káº¿, Quáº­n 1, ThÃ nh phá»‘ Há»“ ChÃ­ Minh","TrÃªn táº§ng 2 Workshop

Nice view
Breakfast
Cake&Coffee
Music&Enjoydeepmood",10.7734061,106.7055391,POINT (106.7055391 10.7734061)
The Plant Coffee,QuÃ¡n cÃ  phÃª,3.7,164.0,"128A Nguyá»…n CÆ° Trinh, Quáº­n 1, ThÃ nh phá»‘ Há»“ ChÃ­ Minh",Má»i thá»© Ä‘á»u á»•n,10.762668,106.687175,POINT (106.687175 10.762668)
HALA Coffee - Pháº¡m Ngá»c Tháº¡ch,QuÃ¡n cÃ  phÃª,4.9,124.0,"04A Pháº¡m Ngá»c Tháº¡ch, Quáº­n 1, ThÃ nh phá»‘ Há»“ ChÃ­ Minh","NÆ°á»›c uá»‘ng ngon, nhÃ¢n viÃªn nhiá»‡t tÃ¬nh, thÃ¢n thiá»‡n",10.7813773,106.6974479,POINT (106.6974479 10.7813773)
CHUA Juice & Dessert Bar,QuÃ¡n cÃ  phÃª,4.6,153.0,"113 NguyÃªÌƒn HuÃªÌ£, Quáº­n 1, ThÃ nh phá»‘ Há»“ ChÃ­ Minh",mÃ¬nh vá»«a uá»‘ng vá»«a táº­n hÆ°á»Ÿng ko khÃ­ nhÃ¬n ra phá»‘ Ä‘i bá»™ lun.,10.7738742,106.7036309,POINT (106.7036309 10.7738742)
PhÃª La - Há»“ TÃ¹ng Máº­u,QuÃ¡n cÃ  phÃª,4.0,1700.0,"125 Há»“ TÃ¹ng Máº­u, Quáº­n 1, ThÃ nh phá»‘ Há»“ ChÃ­ Minh","Menu khÃ¡ Ä‘a dáº¡ng,  náº¥m truffle khÃ¡ láº¡ nhÆ°ng cÃ³ váº» ko ngon láº¯m.",10.76988850330201,106.70492521091538,POINT (106.70492521091538 10.76988850330201)
The Coffee House - Nguyá»…n ThÃ¡i BÃ¬nh,QuÃ¡n cÃ  phÃª,4.2,2100.0,"141 Nguyá»…n ThÃ¡i BÃ¬nh, Quáº­n 1, ThÃ nh phá»‘ Há»“ ChÃ­ Minh",KhÃ´ng gian thÃ¬ cÅ©ng tÆ°Æ¡ng Ä‘á»‘i tá»‘t cho cÃ¡c cuá»™c háº¹n gáº·p bÃ n cÃ´ng viá»‡c.,10.7683299,106.6988431,POINT (106.6988431 10.7683299)
MÃ­t Rooftop Bistro,QuÃ¡n Äƒn nhá»,4.7,443.0,"sÃ¢n thÆ°á»£ng, 37 Äá»“ng Khá»Ÿi, Quáº­n 1, ThÃ nh phá»‘ Há»“ ChÃ­ Minh","KhÃ´ng gian thoÃ¡ng , mÃ u sáº¯c tÆ°Æ¡i máº£t ,  cá»±c chill,.",10.7745305,106.70475,POINT (106.70475 10.7745305)
Cipherz Rooftop,QuÃ¡n cÃ  phÃª,4.4,357.0,"379 HoÃ ng Sa, Quáº­n 1, ThÃ nh phá»‘ Há»“ ChÃ­ Minh","Nháº¡c hay, barmen thÃ¢n thiá»‡n, khÃ´ng gian tuy nhá» nhÆ°ng Ä‘áº¹p",10.7933412,106.6866787,POINT (106.6866787 10.7933412)
Highlands Coffee â€“ Nguyá»…n TrÃ£i,QuÃ¡n cÃ  phÃª,4.2,1100.0,"210 Nguyá»…n TrÃ£i, Quáº­n 1, ThÃ nh phá»‘ Há»“ ChÃ­ Minh",báº¡c sá»‰u nÃ³ng size  vá»«a 45000,10.7654085,106.6877509,POINT (106.6877509 10.7654085)
LÃ£o Háº¡c QuÃ¡n,QuÃ¡n cÃ  phÃª,4.3,935.0,"299B HoÃ ng Sa, Quáº­n 1, ThÃ nh phá»‘ Há»“ ChÃ­ Minh","Vibe cá»•, tÃ´ng mÃ u áº¥m, decor á»•n, view  ráº¥t thoáº£i mÃ¡i.",10.7957478,106.6852079,POINT (106.6852079 10.7957478)
Ciao Cafe,QuÃ¡n cÃ  phÃª,4.2,1000.0,"74 NguyÃªÌƒn HuÃªÌ£, Quáº­n 1, ThÃ nh phá»‘ Há»“ ChÃ­ Minh","QuÃ¡n Ä‘áº¹p, nhÃ¢n viÃªn nhiá»‡t tÃ¬nh, Ä‘á»“ Äƒn cÅ©ng ngonn",10.7751001,106.7029693,POINT (106.7029693 10.7751001)
ChiÃªu Cafe SÃ¡ch,QuÃ¡n cÃ  phÃª,4.0,1000.0,"377 HoÃ ng Sa, Quáº­n 1, ThÃ nh phá»‘ Há»“ ChÃ­ Minh","ngon, khÃ´ng gian yÃªn tÄ©nh...nhiá»u sÃ¡ch hay nÃªn Ä‘á»cğŸ™‚ğŸ‘",10.7933999,106.6866439,POINT (106.6866439 10.7933999)
Äáº¹p CafÃ©,QuÃ¡n cÃ  phÃª,4.1,145.0,"BÆ°u Ä‘iá»‡n, Trung TÃ¢m, 3 Ä. Nguyá»…n VÄƒn BÃ¬nh, Quáº­n 1, ThÃ nh phá»‘ Há»“ ChÃ­ Minh","NhÃ¢n viÃªn cÅ©ng nhiá»‡t tÃ¬nh, thÃ¢n thiá»‡n, mÃ¬nh sáº½ ghÃ© láº¡i!",10.780542865159873,106.69965803373996,POINT (106.69965803373996 10.780542865159873)
Katinat Saigon Cafe,QuÃ¡n cÃ  phÃª,3.5,621.0,"36 Nguyá»…n Thá»‹ NghÄ©a, Quáº­n 1, ThÃ nh phá»‘ Há»“ ChÃ­ Minh","ngon, view Ä‘áº¹p, nhiá»u gÃ¡i xinh",10.770233,106.69404,POINT (106.69404 10.770233)
Memento Saigon,QuÃ¡n cÃ  phÃª,4.9,189.0,"14 TÃ´n Tháº¥t Äáº¡m, Quáº­n 1, ThÃ nh phá»‘ Há»“ ChÃ­ Minh","ToÃ n bá»™ khÃ´ng gian yÃªn tÄ©nh, cÃ³ khÃ¡ch chá»¥p áº£nh nhÆ°ng khÃ´ng gÃ¢y á»“n Ã o.",10.76961695,106.7041805211262,POINT (106.7041805211262 10.76961695)
Dida cafe,QuÃ¡n cÃ  phÃª,4.8,54.0,"25BIS Nguyá»…n Bá»‰nh KhiÃªm, Quáº­n 1, ThÃ nh phá»‘ Há»“ ChÃ­ Minh","Menu Ä‘a dáº¡ng, phá»¥c vá»¥ nhiá»‡t tÃ¬nh ğŸ‘ŒğŸ»
MÃ¬nh thÃ­ch nháº¥t mÃ³n Ä‘Ã¡ xay caramel",10.7875609,106.7044026,POINT (106.7044026 10.7875609)
SOKO Cake Bake & Brunch - Há»“ TÃ¹ng Máº­u,Bá»¯a ná»­a buá»•i,4.8,5600.0,"24 Há»“ TÃ¹ng Máº­u, Quáº­n 1, ThÃ nh phá»‘ Há»“ ChÃ­ Minh","View Ä‘áº¹p, menu Ä‘a dáº¡ng, Ä‘á»“ Äƒn nÆ°á»›c uá»‘ng ngon",10.7701453,106.7047955,POINT (106.7047955 10.7701453)
Nostalgia Tea & Coffee | COFFEE VIEW Äáº¸P QUáº¬N 1 | TRÃ€ Sá»®A QUáº¬N 1,QuÃ¡n cÃ  phÃª,5.0,7.0,"83 Tháº¡ch Thá»‹ Thanh, Quáº­n 1, ThÃ nh phá»‘ Há»“ ChÃ­ Minh",QuÃ¡n sang trá»ng Ä‘á»“ Äƒn ngon,10.79042,106.692459,POINT (106.692459 10.79042)
82 Cafe & Food,QuÃ¡n cÃ  phÃª,4.0,305.0,"82 LÃª Thá»‹ Há»“ng Gáº¥m, Quáº­n 1, ThÃ nh phá»‘ Há»“ ChÃ­ Minh",nhÃ¢n viÃªn thÃ¢n thiá»‡n Ä‘á»“ Äƒn ngon view Ä‘áº¹p,10.768902,106.697578,POINT (106.697578 10.768902)
Katinat Saigon Kafe,QuÃ¡n cÃ  phÃª,3.9,2000.0,"91 Äá»“ng Khá»Ÿi, Quáº­n 1, ThÃ nh phá»‘ Há»“ ChÃ­ Minh","quÃ¡n sáº¡ch, view Ä‘áº¹p, nÆ°á»›c uá»‘ng ngon, nhÃ¢n viá»‡n nhiá»‡t tÃ¬nh.",10.7756596,106.7035181,POINT (106.7035181 10.7756596)
GUTA CAFE,QuÃ¡n cÃ  phÃª,4.3,57.0,"19 Máº¡c ÄÄ©nh Chi, Quáº­n 1, ThÃ nh phá»‘ Há»“ ChÃ­ Minh","QuÃ¡n thoÃ¡ng mÃ¡t,  uá»‘ng cÅ©ng táº¡m Ä‘Æ°á»£c, gá»­i xe phÃ­a trÆ°á»›c quÃ¡n.",10.7849442,106.6992837,POINT (106.6992837 10.7849442)
eleven: eleven,QuÃ¡n cÃ  phÃª,4.1,129.0,"46 LÃª Lá»£i, Quáº­n 1, ThÃ nh phá»‘ Há»“ ChÃ­ Minh",Menu giÃ¡ cao nhÆ°ng cháº¥p nháº­n Ä‘Æ°á»£c vÃ¬ lÃ  quÃ¡ táº¡i q1.,10.7740337,106.7005077,POINT (106.7005077 10.7740337)
Thá»©c Coffee - OPEN 24/7,QuÃ¡n cÃ  phÃª,4.1,1500.0,"40D LÃ½ Tá»± Trá»ng, Quáº­n 1, ThÃ nh phá»‘ Há»“ ChÃ­ Minh","NhÃ¢n viÃªn thÃ¢n thiá»‡n, cháº¥t lÆ°á»£ng thá»©c uá»‘ng tá»‘t, khÃ´ng gian thoáº£i mÃ¡i",10.7771962,106.7001655,POINT (106.7001655 10.7771962)
Highlands Coffee LÃª Duáº©n,QuÃ¡n cÃ  phÃª,4.0,852.0,"2B LÃª Duáº©n, Quáº­n 1, ThÃ nh phá»‘ Há»“ ChÃ­ Minh","View Ä‘áº¹p, mÃ¡t, nÆ°á»›c uá»‘ng ngon",10.7850269,106.7026662,POINT (106.7026662 10.7850269)
Cafe TÃ­ Ná»‹,QuÃ¡n cÃ  phÃª,3.8,183.0,"5A Nguyá»…n ÄÃ¬nh Chiá»ƒu, Quáº­n 1, ThÃ nh phá»‘ Há»“ ChÃ­ Minh","CÃ³ thÃªm báº¡n mÃ¨o hoang máº·t khÃ¡ hÃ i kk
QuÃ¡n nhÃ  2 chÃº nhiá»‡t tÃ¬nh dá»ƒ thÆ°Æ¡ng.",10.7900889,106.7011275,POINT (106.7011275 10.7900889)
Miyama â€“ NhÃ  hÃ ng & CÃ  phÃª Tokyo Hiá»‡n Ä‘áº¡i,NhÃ  hÃ ng mÃ³n tÃ¢y kiá»ƒu Nháº­t,4.7,1600.0,"Saigon Center, 65 LÃª Lá»£i, Quáº­n 1, ThÃ nh phá»‘ Há»“ ChÃ­ Minh",QuÃ¡n cÃ³ view cá»­a sá»• Ä‘áº¹p cho khÃ¡ch .,10.7734944,106.7009017111145,POINT (106.7009017111145 10.7734944)
Passio Coffee to go (CN 53 Nguyá»…n Du).,QuÃ¡n cÃ  phÃª,4.0,425.0,"53 Nguyá»…n Du, Quáº­n 1, ThÃ nh phá»‘ Há»“ ChÃ­ Minh",nÆ°á»›c ngon mÃ  quÃ¡n tiáº¿t kiá»‡m Ä‘iá»‡n hay sao mÃ  trÆ°a khÃ´ng báº­t mÃ¡y láº¡nhğŸ¥²,10.7796921,106.7007494,POINT (106.7007494 10.7796921)
Touch Saigon Cafe,QuÃ¡n cÃ  phÃª,4.2,206.0,"382 Nguyá»…n Thá»‹ Minh Khai, Quáº­n 1, ThÃ nh phá»‘ Há»“ ChÃ­ Minh","NgoÃ i  sá»¯a, quÃ¡n cÅ©ng cÃ³ nhiá»u mÃ³n nÆ°á»›c khÃ¡c Ä‘Æ°á»£c trÃ¬nh bÃ y Ä‘áº¹p máº¯t.",10.78728032048226,106.70219283045547,POINT (106.70219283045547 10.78728032048226)
RuNam d'Or,QuÃ¡n cÃ  phÃª,4.4,2000.0,"3 CÃ´ng trÆ°á»ng CÃ´ng xÃ£ Paris, Quáº­n 1, ThÃ nh phá»‘ Há»“ ChÃ­ Minh","View sang trá»ng, nhÃ¢n viÃªn chu Ä‘Ã¡o, xá»©ng Ä‘Ã¡ng vá»›i giÃ¡ tiá»n.",10.7794437,106.6993713562529,POINT (106.6993713562529 10.7794437)
L'Usine,NhÃ  hÃ ng,4.6,2800.0,"19 LÃª ThÃ¡nh TÃ´n, Quáº­n 1, ThÃ nh phá»‘ Há»“ ChÃ­ Minh","Menu nhiá»u mÃ³n Ä‘a dáº¡ng, vá»«a vá»‹, decor Ä‘áº¹p máº¯t.",10.777234,106.701798,POINT (106.701798 10.777234)
CÃ  PhÃª Bá»‡t,QuÃ¡n cÃ  phÃª,4.2,43.0,"1 CÃ´ng trÆ°á»ng CÃ´ng xÃ£ Paris, Quáº­n 1, ThÃ nh phá»‘ Há»“ ChÃ­ Minh","20.000vnd/1 ly, cÃ³ nhiá»u loáº¡i Ä‘á»“ uá»‘ng láº¯m.",10.778933,106.699002,POINT (106.699002 10.778933)
The Vintage Emporium Da Kao,QuÃ¡n cÃ  phÃª,4.4,1300.0,"95 Nguyá»…n VÄƒn Thá»§, Quáº­n 1, ThÃ nh phá»‘ Há»“ ChÃ­ Minh","KhÃ´ng gian quÃ¡n Ä‘áº¹p, yÃªn tÄ©nh, nÆ°á»›c uá»‘ng ngon.",10.7901969,106.6992996,POINT (106.6992996 10.7901969)
CÃ  PhÃª Muá»‘i ChÃº Long,QuÃ¡n cÃ  phÃª,3.4,258.0,"68 NguyÃªÌƒn HuÃªÌ£, Quáº­n 1, ThÃ nh phá»‘ Há»“ ChÃ­ Minh","Ra phá»‘ Ä‘i bá»™ lÃ  ghÃ© mua ly  ChÃº Long, SÃ i GÃ²n mÃ  giÃ¡ 20k ngon, ráº» !",10.7747783,106.7033841,POINT (106.7033841 10.7747783)
Katinat Saigon Kafe - Nguyen Du,QuÃ¡n cÃ  phÃª,4.0,303.0,"59b Nguyá»…n Du, Quáº­n 1, ThÃ nh phá»‘ Há»“ ChÃ­ Minh","nÆ°á»›c uá»‘ng ngon, quÃ¡n decor Ä‘áº¹p, nhÃ¢n viÃªn dá»… thÆ°Æ¡ng láº¯m áº¡",10.784683200000002,106.7036423,POINT (106.7036423 10.784683200000002)
Highlands Coffee,QuÃ¡n cÃ  phÃª,4.3,718.0,"114 Nam Ká»³ Khá»Ÿi NghÄ©a, Quáº­n 1, ThÃ nh phá»‘ Há»“ ChÃ­ Minh","- Ngá»“i bÃªn ngoÃ i cáº¡nh báº£o tÃ ng  bonsai , há»“ cÃ¡ koi ráº¥t Ä‘áº¹p .",10.778886283621478,106.69574031759042,POINT (106.69574031759042 10.778886283621478)
KATINAT HÃ m Nghi,QuÃ¡n cÃ  phÃª,4.0,617.0,"120 HÃ m Nghi, Quáº­n 1, ThÃ nh phá»‘ Há»“ ChÃ­ Minh",BÃ£i Ä‘á»ƒ xe cÅ©ng khÃ¡ nhá» dá»… háº¿t chá»— nÃªn qua Bitexco Ä‘á»ƒ hoáº·c chá»— gáº§n Ä‘Ã³.,10.7711248,106.7013961,POINT (106.7013961 10.7711248)
Quáº£ng trÆ°á»ng phá»‘ Ä‘i bá»™ Nguyá»…n Huá»‡,Äiá»ƒm thu hÃºt khÃ¡ch du lá»‹ch,4.4,3200.0,"NguyÃªÌƒn HuÃªÌ£, Quáº­n 1, ThÃ nh phá»‘ Há»“ ChÃ­ Minh","Vui nhá»™n nhá»‹p nhiá»u  Ä‘áº¹p , ngÆ°á»i cÅ©ng xinh láº¯m Ã  nha!",10.777353,106.698089,POINT (106.698089 10.777353)
Saigon Skydeck,Äiá»ƒm thu hÃºt khÃ¡ch du lá»‹ch,4.4,12000.0,"36 Há»“ TÃ¹ng Máº­u, Quáº­n 1, ThÃ nh phá»‘ Há»“ ChÃ­ Minh",LÃªn Ä‘Ã¢y  trung tÃ¢m thÃ nh phá»‘ Ä‘áº¹p xuáº¥t sáº¯c luÃ´n.,10.772201487729683,106.7037265920703,POINT (106.7037265920703 10.772201487729683)
PhÃºc Long Coffee & Tea Express,QuÃ¡n cÃ  phÃª,4.0,2200.0,"159 Nguyá»…n ThÃ¡i Há»c, Quáº­n 1, ThÃ nh phá»‘ Há»“ ChÃ­ Minh","MÃ¬nh Ä‘i táº§m 10h sÃ¡ng, lÆ°á»£ng khÃ¡ch vá»«a pháº£i, bÃ n gháº¿ cÃ²n nhiá»u chá»— trá»‘ng.",10.7682234,106.6952198,POINT (106.6952198 10.7682234)
PhÃºc Long Coffee & Tea,QuÃ¡n cÃ  phÃª,4.1,1700.0,"26 Huá»³nh ThÃºc KhÃ¡ng, Quáº­n 1, ThÃ nh phá»‘ Há»“ ChÃ­ Minh","Cháº¥t lÆ°á»£ng trÃ  sá»¯a váº«n giá»¯ hÆ°Æ¡ng vá»‹ Ä‘áº­m Ä‘Ã , ngá»t vá»«a pháº£i vÃ  ráº¥t dá»… uá»‘ng.",10.7728667,106.7026357,POINT (106.7026357 10.7728667)
The Coffee Bean & Tea Leaf Nguyá»…n Huá»‡,QuÃ¡n cÃ  phÃª,4.2,624.0,"101 NguyÃªÌƒn HuÃªÌ£, Quáº­n 1, ThÃ nh phá»‘ Há»“ ChÃ­ Minh","bÃ¬nh thÆ°á»ng, chá»‰ Ä‘Æ°á»£c view Ä‘áº¹p",10.773504,106.703873,POINT (106.703873 10.773504)
Highlands Coffee,QuÃ¡n cÃ  phÃª,3.5,113.0,"97 Máº¡c Thá»‹ BÆ°á»Ÿi, Quáº­n 1, ThÃ nh phá»‘ Há»“ ChÃ­ Minh",phá»‘ Ä‘i bá»™ Nguyá»…n Huá»‡ ráº¥t lÃ½ tÆ°á»Ÿng nhe.,10.774578004266932,106.7040309980004,POINT (106.7040309980004 10.774578004266932)
Kerlan Kafe,QuÃ¡n cÃ  phÃª,4.1,23.0,"Saigon ward, 20A Ä. LÃª VÄƒn HÆ°u, Quáº­n 1, ThÃ nh phá»‘ Há»“ ChÃ­ Minh","QuÃ¡n thÆ°á»ng ngá»“i má»—i ngÃ y, cf ngon anh chá»§ thÃ¢n thiá»‡n",10.78191468964502,106.7009415944887,POINT (106.7009415944887 10.78191468964502)
ThÃªÌ GiÆ¡Ìi TaÌ€u HÅ©,QuÃ¡n cÃ  phÃª,4.2,1000.0,"122D Tráº§n ÄÃ¬nh Xu, Quáº­n 1, ThÃ nh phá»‘ Há»“ ChÃ­ Minh","Ä‚n thÆ°á»ng xuyÃªn, menu Ä‘a dáº¡ng, quÃ¡n decor Ä‘áº¹p.",10.7624315,106.6885578,POINT (106.6885578 10.7624315)
Xanh Mori CÃ  PhÃª,QuÃ¡n cÃ  phÃª,5.0,8.0,"50 TÃ´n Tháº¥t Äáº¡m, Quáº­n 1, ThÃ nh phá»‘ Há»“ ChÃ­ Minh",khÃ´ng cÃ³ Ä‘Ã¡nh giÃ¡,10.77193714748225,106.70299040119517,POINT (106.70299040119517 10.77193714748225)
Phuc Long Tea & Coffee,QuÃ¡n cÃ  phÃª,4.1,1800.0,"42 NgÃ´ Äá»©c Káº¿, Quáº­n 1, ThÃ nh phá»‘ Há»“ ChÃ­ Minh","NhÃ¢n viÃªn chá»‰ cá»Ÿi má»Ÿ vá»›i nhá»¯ng khÃ¡ch nÆ°á»›c ngoÃ i, máº·c Ä‘á»“ sang trá»ng.",10.773851909363788,106.70574269708723,POINT (106.70574269708723 10.773851909363788)
PhÃºc Long Coffee & Tea â€“ Pháº¡m Há»“ng ThÃ¡i,QuÃ¡n cÃ  phÃª,4.0,1500.0,"42A Pháº¡m Há»“ng ThÃ¡i, Quáº­n 1, ThÃ nh phá»‘ Há»“ ChÃ­ Minh","NÆ°á»›c ngon, nhÃ¢n viÃªn thÃ¢n thiá»‡n,cÃ³ láº§u táº§ng 2 khÃ¡ thoÃ¡ng",10.7712568,106.6949358,POINT (106.6949358 10.7712568)
The View Rooftop Bar,NhÃ  hÃ ng,4.6,4400.0,"On the 9th floor of Duc Vuong Hotel, 195 BÃ¹i Viá»‡n, Quáº­n 1, ThÃ nh phá»‘ Há»“ ChÃ­ Minh","Äá»“ uá»‘ng ngon, cocktails vá»‹ tá»‘t, view siÃªu Ä‘áº¹p",10.7664402,106.6917847,POINT (106.6917847 10.7664402)
Mary Janeâ€™s The Bar,QuÃ¡n bar cocktail,4.8,62.0,"85 Nguyá»…n Há»¯u Cáº§u, Quáº­n 1, ThÃ nh phá»‘ Há»“ ChÃ­ Minh","View Ä‘áº¹p, nÆ°á»›c ngon, nhÃ¢n viÃªn dá»… thÆ°Æ¡ng",10.790648,106.69085,POINT (106.69085 10.790648)
Phuc Long Coffee & Tea Express,QuÃ¡n cÃ  phÃª,4.1,943.0,"63 Máº¡c Thá»‹ BÆ°á»Ÿi, Quáº­n 1, ThÃ nh phá»‘ Há»“ ChÃ­ Minh",Buá»•i sÃ¡ng cuá»‘i tuáº§n ngá»“i lá» Ä‘Æ°á»ng ráº¥t chill,10.7748712,106.7043108,POINT (106.7043108 10.7748712)
Simple Joy - Tea&Coffee,QuÃ¡n cÃ  phÃª,3.6,20.0,"12BIS NguyÃªÌƒn HuÃªÌ£, Quáº­n 1, ThÃ nh phá»‘ Há»“ ChÃ­ Minh","Chá»§ quÃ¡n cute, nhÃ¢n viÃªn nhiá»‡t tÃ¬nh.",10.7734608993639,106.70407803768192,POINT (106.70407803768192 10.7734608993639)
innominatus speciality coffee,QuÃ¡n cÃ  phÃª,4.8,63.0,"42 Ä. TÃ´n Tháº¥t Thiá»‡p, Quáº­n 1, ThÃ nh phá»‘ Há»“ ChÃ­ Minh","CÃ  phÃª Liberica ngon, láº¡, uá»‘ng vá»›i sá»¯a 10/10",10.77372435,106.70229884950933,POINT (106.70229884950933 10.77372435)
Buffet Liberty Central Saigon Riverside,NhÃ  hÃ ng,4.3,209.0,"17 TÃ´n Äá»©c Tháº¯ng, Quáº­n 1, ThÃ nh phá»‘ Há»“ ChÃ­ Minh","MÃ³n Äƒn khÃ´ng nhiá»u, tÆ°Æ¡ng xá»©ng vá»›i giÃ¡ tiá»n nhÆ°ng cÅ©ng khÃ¡ cháº¥t lÆ°á»£ng.",10.7740769,106.70626204068084,POINT (106.70626204068084 10.7740769)
Cafe Paul 1932,QuÃ¡n cÃ  phÃª,4.2,100.0,"5/7 Nguyá»…n SiÃªu, Quáº­n 1, ThÃ nh phá»‘ Há»“ ChÃ­ Minh",Menu á»Ÿ Ä‘Ã¢y Ä‘a dáº¡ng trÃ  bÃ¡nh  giÃ¡ khÃ¡ ok.nÆ°á»›c á»Ÿ Ä‘Ã¢y lÃ m ngon.,10.779571952248816,106.70616756827832,POINT (106.70616756827832 10.779571952248816)
Starbucks mPlaza SÃ i GÃ²n,QuÃ¡n cÃ  phÃª,4.3,1500.0,"mPlaza, 39 LÃª Duáº©n, Quáº­n 1 Máº·t, Hai BÃ  TrÆ°ng, Quáº­n 1, ThÃ nh phá»‘ Há»“ ChÃ­ Minh","QuÃ¡n nÃ y mÃ¬nh hay ra vÃ o cuá»‘i tuáº§n Ä‘á»ƒ há»c, khÃ´ng gian khÃ¡ chill.",10.780988,106.700544,POINT (106.700544 10.780988)
Casita Hotel Restaurant,QuÃ¡n cÃ  phÃª,4.2,22.0,"131 BÃ¹i Viá»‡n, Quáº­n 1, ThÃ nh phá»‘ Há»“ ChÃ­ Minh",khÃ´ng cÃ³ Ä‘Ã¡nh giÃ¡,10.7667178,106.6924103,POINT (106.6924103 10.7667178)
Khu áº¨m Thá»±c CÃ´ng ViÃªn BÃ¡ch TÃ¹ng Diá»‡p,Khu Äƒn uá»‘ng,3.8,8.0,"120 Nam Ká»³ Khá»Ÿi NghÄ©a, Quáº­n 1, ThÃ nh phá»‘ Há»“ ChÃ­ Minh","Náº¿u cÃ³ dá»‹p, báº¡n nÃªn ghÃ© thÄƒm vÃ  thÆ°á»Ÿng thá»©c mÃ³n Äƒn nÃ y.",10.7766002,106.6987085,POINT (106.6987085 10.7766002)
Dynasty House (PhÃ¹ng Kháº¯c Khoan),NhÃ  hÃ ng,4.5,415.0,"40 PhÃ¹ng Kháº¯c Khoan, Quáº­n 1, ThÃ nh phá»‘ Há»“ ChÃ­ Minh","Thá»©c Äƒn ngon, phá»¥c vá»¥ táº­n tÃ¬nh
Má»©c giÃ¡ á»•n so vá»›i cháº¥t lÆ°á»£ng",10.78422450282698,106.69831980263332,POINT (106.69831980263332 10.78422450282698)
QuÃ¡n Äƒn ngon SÃ i GÃ²n,NhÃ  hÃ ng,4.0,964.0,"138 Nam Ká»³ Khá»Ÿi NghÄ©a, Quáº­n 1, ThÃ nh phá»‘ Há»“ ChÃ­ Minh",MÃ³n Äƒn Ä‘Ã£ Ä‘Æ°á»£c thay Ä‘á»•i cho phÃ¹ há»£p vá»›i kháº©u vá»‹  khÃ¡ch miá»n Nam.,10.7775622,106.6975402,POINT (106.6975402 10.7775622)
Hua Wu Lou - Dimsum Street Chi NhÃ¡nh 2 - 83B BÃ¹i Thá»‹ XuÃ¢n,NhÃ  hÃ ng,3.9,535.0,"83B BÃ¹i Thá»‹ XuÃ¢n, Quáº­n 1, ThÃ nh phá»‘ Há»“ ChÃ­ Minh",Nhiá»u Ä‘á»“ chiÃªn xÃ o nÃªn nhá»¯ng ai khÃ´ng quen Äƒn dáº§u má»¡ sáº½ hÆ¡i ngÃ¡n.,10.7682523,106.6868828,POINT (106.6868828 10.7682523)
Chill ThÃ¡i,MÃ³n Äƒn ThÃ¡i Lan,4.8,3500.0,"163 CÃ´ Giang, Quáº­n 1, ThÃ nh phá»‘ Há»“ ChÃ­ Minh","CÃ¡c mÃ³n Äƒn Ä‘á»u ráº¥t ngon, mang Ä‘áº¿n hÆ°Æ¡ng vá»‹ Ä‘Ã­ch  cá»§a  ThÃ¡i.",10.763026,106.694805,POINT (106.694805 10.763026)
áº¨m Thá»±c Chay An,MÃ³n chay,4.6,115.0,"30 ThÃ¡i VÄƒn Lung, Quáº­n 1, ThÃ nh phá»‘ Há»“ ChÃ­ Minh","Thá»©c Äƒn á»Ÿ nhÃ  hÃ ng bÆ°ng ra bÃ n váº«n cÃ²n nÃ³ng, ngon vá»«a kháº©u vá»‹ cá»§a mÃ¬nh.",10.7802209,106.7034934,POINT (106.7034934 10.7802209)
ChÃ¡o sÆ°á»n chÃº Chen,MÃ³n Äƒn ÄÃ i Loan,4.2,972.0,"281 Nguyá»…n TrÃ£i, Quáº­n 1, ThÃ nh phá»‘ Há»“ ChÃ­ Minh","Ä‘á»“ Äƒn ngon , lÃªn mÃ³n nhanh nhÃ¢n viÃªn há»— trá»£ nhiá»‡t tÃ¬nh vui váº½ hiáº¿u khÃ¡ch",10.7629712,106.6867842,POINT (106.6867842 10.7629712)
GÃ¡nh - Truly Vietnamese Cuisine,NhÃ  hÃ ng,4.5,1900.0,"91 Hai BÃ  TrÆ°ng, Quáº­n 1, ThÃ nh phá»‘ Há»“ ChÃ­ Minh","NhÃ¢n viÃªn thÃ¢n thiá»‡n dá»… thÆ°Æ¡ng, Ä‘á»“ Äƒn ngon vá»«a miá»‡ng.",10.7771641,106.7043101,POINT (106.7043101 10.7771641)
áº¨m Thá»±c ÄÆ°á»ng Phá»‘,Phá»Ÿ,4.1,20.0,"177 BÃ¹i Viá»‡n, Quáº­n 1, ThÃ nh phá»‘ Há»“ ChÃ­ Minh",khÃ´ng cÃ³ Ä‘Ã¡nh giÃ¡,10.7665376,106.6920037,POINT (106.6920037 10.7665376)
NhÃ  hÃ ng TÃ¢n Háº£i VÃ¢n,NhÃ  hÃ ng Trung Quá»‘c,4.3,3200.0,"152 Nguyá»…n TrÃ£i, Quáº­n 1, ThÃ nh phá»‘ Há»“ ChÃ­ Minh",Äi nhÃ³m Äƒn nhiá»u mÃ³n sáº½ cÃ³ tráº£i nghiá»‡m tá»‘t nháº¥t.,10.7656754,106.6878508,POINT (106.6878508 10.7656754)
Tung's Restaurant - Vietnamese Cuisine & vegetarian Food,NhÃ  hÃ ng Viá»‡t Nam,4.9,9300.0,"230 ÄÆ°á»ng LÃª ThÃ¡nh TÃ´n, Quáº­n 1, ThÃ nh phá»‘ Há»“ ChÃ­ Minh",khÃ´ng cÃ³ Ä‘Ã¡nh giÃ¡,10.7723915,106.6964558,POINT (106.6964558 10.7723915)
NhÃ  hÃ ng Trung Hoa SHANG GARDEN DYNASTY,NhÃ  hÃ ng,4.3,214.0,"1A TÃ´n Tháº¥t TÃ¹ng, Quáº­n 1, ThÃ nh phá»‘ Há»“ ChÃ­ Minh","Thá»©c Äƒn á»•n , khÃ´ng gian Ä‘áº¹p thÃ­ch há»£p cho gia Ä‘Ã¬nh Ä‘áº¿n Äƒn.",10.768614,106.688957,POINT (106.688957 10.768614)
BÆ¡ by Butterman,Tiá»‡m bÃ¡nh,4.7,335.0,"67 LÃª Thá»‹ RiÃªng, Quáº­n 1, ThÃ nh phá»‘ Há»“ ChÃ­ Minh",CÃ²n vá» cookie ngoÃ i vá»‹ matcha thÃ¬ nhá»¯ng vá»‹ khÃ¡c cÅ©ng k áº¥n tÆ°á»£ng láº¯m.,10.771362,106.6916341,POINT (106.6916341 10.771362)
áº¨m thá»±c chay Amitaba,Äá»“ chay,4.4,436.0,"40 Nguyá»…n ThÃ¡i Há»c, Quáº­n 1, ThÃ nh phá»‘ Há»“ ChÃ­ Minh",Má»™t nhÃ  hÃ ng chay náº¥u khÃ¡ ngon vá»›i  Ä‘Æ¡n ráº¥t nhiá»u mÃ³n.,10.7654841,106.6968486,POINT (106.6968486 10.7654841)
Dim Tu Tac,MÃ³n Äƒn Quáº£ng ÄÃ´ng,4.2,3000.0,"55 ÄÃ´ng Du, Quáº­n 1, ThÃ nh phá»‘ Há»“ ChÃ­ Minh","Thá»©c Äƒn táº¡m á»•n, khÃ´ng chÃª cÅ©ng khÃ´ng khen.",10.775592,106.7043981,POINT (106.7043981 10.775592)
Li Bai - Authentic Cantonese Restaurant,NhÃ  hÃ ng,4.8,744.0,"80 ÄÃ´ng Du, Quáº­n 1, ThÃ nh phá»‘ Há»“ ChÃ­ Minh",Má»™t Ä‘iá»ƒm Ä‘áº¿n lÃ½ tÆ°á»Ÿng cho tráº£i nghiá»‡m  sang trá»ng vÃ  thoáº£i mÃ¡i.,10.7756555,106.7041662,POINT (106.7041662 10.7756555)
Háº»m Ä‚n Váº·t 76,Khu Äƒn uá»‘ng,3.8,1400.0,"76 Hai BÃ  TrÆ°ng, Quáº­n 1, ThÃ nh phá»‘ Há»“ ChÃ­ Minh",ThÃ­ch há»£p Ä‘i nhÃ³m báº¡n nhá» vÃ  khÃ´ng quÃ¡ yÃªu cáº§u vá» hÆ°Æ¡ng vá»‹ thá»©c Äƒn.,10.7778959,106.7036141,POINT (106.7036141 10.7778959)
"Há»§ tiáº¿u Sa ÄÃ©c & BÃ¡nh táº±m - DÃŒ NÄ‚M SA ÄÃ‰C - 166 BÃ¹i Thá»‹ XuÃ¢n, Quáº­n 1",NhÃ  hÃ ng,4.2,596.0,"166 BÃ¹i Thá»‹ XuÃ¢n, Quáº­n 1, ThÃ nh phá»‘ Há»“ ChÃ­ Minh","Äáº·c sáº£n cá»§a Sa ÄÃ©c bao gá»“m há»§ tiáº¿u, cÃ´ng thá»©c náº¥u, hÆ°Æ¡ng vá»‹ ngon miá»‡ng.",10.773785,106.701047,POINT (106.701047 10.773785)
Ä‚n CÆ¡m Uá»‘ng NÆ°á»›c - Thai Bistro & Coffee,MÃ³n Äƒn ThÃ¡i Lan,4.4,932.0,"63/18 Pasteur, Quáº­n 1, ThÃ nh phá»‘ Há»“ ChÃ­ Minh","CÃ¡c mÃ³n chá»‰n chu, Ä‘áº¹p hÃ¬nh thá»©c, vá»‹ vá»«a váº·n.",10.775646153355103,106.70043655277057,POINT (106.70043655277057 10.775646153355103)
Somtam ZAAP,MÃ³n Äƒn ThÃ¡i Lan,4.6,1500.0,"136 Pasteur, Quáº­n 1, ThÃ nh phá»‘ Há»“ ChÃ­ Minh",Má»i ngÆ°á»i Ä‘áº¿n vÃ  tráº£i nghiá»‡m  nhÃ©,10.776802,106.699923,POINT (106.699923 10.776802)
Marukame Udon,mÃ¬ udon,4.2,2800.0,"215 LÃ½ Tá»± Trá»ng, Quáº­n 1, ThÃ nh phá»‘ Há»“ ChÃ­ Minh",ÄÆ°á»£c chá»n nhiá»u topping Äƒn kÃ¨m vÃ  trá»©ng nÆ°á»›c tÆ°Æ¡ng cÅ©ng ráº¥t ngon.,10.778569486821247,106.7015995871049,POINT (106.7015995871049 10.778569486821247)
ChÃ¡o SÃ¡ SÃ¹ng TÆ°á»£ng KÃ½ | áº¨m Thá»±c Trung Hoa Quáº­n 1,NhÃ  hÃ ng,4.7,12.0,"6 Tráº§n HÆ°ng Äáº¡o, Quáº­n 1, ThÃ nh phá»‘ Há»“ ChÃ­ Minh","Menu Ä‘a dáº¡ng nhiá»u mÃ³n, 1 quÃ¡n Äƒn sÃ¡ng thÃ­ch há»£p cho gia Ä‘Ã¬nh",10.7634315,106.6878955,POINT (106.6878955 10.7634315)
DÃŠ CHÃš THÃ’ONG | DÃŠ NGON Cá»NG QUá»²NH | DÃŠ NGON QUáº¬N 1,NhÃ  hÃ ng,5.0,48.0,"102 Cá»‘ng Quá»³nh, Quáº­n 1, ThÃ nh phá»‘ Há»“ ChÃ­ Minh","MÃ³n ngon mÃ  khÃ´ng gian quÃ¡n cÅ©ng Ä‘áº¹p ná»¯a
10/10 hong cÃ³ nhÆ°ng lun",10.7656221,106.68930959862955,POINT (106.68930959862955 10.7656221)
Haru Sushi Quáº­n 1,MÃ³n Äƒn Nháº­t Báº£n,4.4,425.0,"93 Nguyá»…n ThÃ¡i Há»c, Quáº­n 1, ThÃ nh phá»‘ Há»“ ChÃ­ Minh","QuÃ¡n xinh, Ä‘á»“ Äƒn ngon nhÆ°ng Ä‘i Äƒn vá» bá»‹ trÃºng  máº¥t máº¥y ngÃ y.",10.767081,106.6960149,POINT (106.6960149 10.767081)
áº¨m thá»±c SÃ¢n vÆ°á»n Milan,NhÃ  hÃ ng,3.9,89.0,"19/11 Nguyá»…n Thá»‹ Minh Khai, Quáº­n 1, ThÃ nh phá»‘ Há»“ ChÃ­ Minh","QuÃ¡n sÃ¢n vÆ°á»n, thÃ­ch há»£p cho nhÃ³m tá»« 3 ngÆ°á»i, chá»§ quÃ¡n dá»… thÆ°Æ¡ng",10.7862061,106.701431,POINT (106.701431 10.7862061)
Pachi Pachi NÆ°á»›ng Láº©u Nháº­t Báº£n,MÃ³n Äƒn Nháº­t Báº£n,4.1,762.0,"52 Máº¡c ÄÄ©nh Chi, Quáº­n 1, ThÃ nh phá»‘ Há»“ ChÃ­ Minh","NhÃ¢n viÃªn nhiá»‡t tÃ¬nh,  pháº©m khÃ¡ tÆ°Æ¡i, tiáº¿p tá»¥c á»§ng há»™.",10.7872323,106.6968142,POINT (106.6968142 10.7872323)
TukTuk Thai Bistro,MÃ³n Äƒn ThÃ¡i Lan,4.5,2100.0,"38 LÃ½ Tá»± Trá»ng, Quáº­n 1, ThÃ nh phá»‘ Há»“ ChÃ­ Minh","Thá»©c Äƒn ngon, vá»«a miá»‡ng, chuáº©n vá»‹ ThÃ¡i, recommend pad Thai!!",10.77734,106.700248,POINT (106.700248 10.77734)
Kabin,MÃ³n Äƒn Quáº£ng ÄÃ´ng,4.8,1200.0,"15 TÃ´n Äá»©c Tháº¯ng, Quáº­n 1, ThÃ nh phá»‘ Há»“ ChÃ­ Minh","Thá»©c Äƒn ráº¥t ngon ,khung cáº£nh lÃ£ng máº¡n vÃ  ráº¥t Ä‘áº¹p máº¯t vá» Ä‘Ãªm.",10.77428745,106.7062394804444,POINT (106.7062394804444 10.77428745)
Phá»Ÿ Hiá»n 1985 - Nguyá»…n trÃ£i,Phá»Ÿ,4.2,670.0,"269A Nguyá»…n TrÃ£i, Quáº­n 1, ThÃ nh phá»‘ Há»“ ChÃ­ Minh","QuÃ¡n cÃ³ menu trÃªn tÆ°á»ng, nhÆ°ng khÃ´ng ghi giÃ¡.",10.7640848,106.6872739,POINT (106.6872739 10.7640848)
Äáº­u Homemade - BÃºn Äáº­u Máº¯m TÃ´m,NhÃ  hÃ ng,4.2,2000.0,"1 Nguyá»…n VÄƒn TrÃ¡ng, Quáº­n 1, ThÃ nh phá»‘ Há»“ ChÃ­ Minh","MÃ¬nh Ä‘Ã£ gá»i mÃ³n láº©u cho 2 ngÆ°á»i, Ã´i tháº­t tuyá»‡t vá»›i, cÃ³ nhiá»u topping.",10.770419,106.692036,POINT (106.692036 10.770419)
Eddie's New York Deli & Diner,MÃ³n Äƒn Má»¹,4.6,2000.0,"73 Pasteur, Quáº­n 1, ThÃ nh phá»‘ Há»“ ChÃ­ Minh",ChÃº cÃ²n chia sáº» nhiá»u kiáº¿n thá»©c vá»  ná»¯a.,10.7717378,106.7021394,POINT (106.7021394 10.7717378)
NhÃ  HÃ ng HÆ°Æ¡ng Vá»‹ Nháº­t,NhÃ  hÃ ng,4.6,64.0,"Q1, 171/16 CÃ´ Báº¯c, Quáº­n 1, ThÃ nh phá»‘ Há»“ ChÃ­ Minh",CÃ³  Ä‘Æ¡n mÃ³n hoáº·c buffet... MÃ¬nh thÃ­ch mÃ³n cÆ¡m GÃ  cÃ  ri á»Ÿ Ä‘Ã¢yÂ ...,10.763487,106.693135,POINT (106.693135 10.763487)
Izakaya Choioinoodle | NhÃ  HÃ ng Nháº­t Quáº­n 1 | MÃ¬ Ramen Ngon Tráº§n HÆ°ng Äáº¡o,MÃ³n Äƒn Nháº­t Báº£n,4.8,118.0,"25 Tráº§n HÆ°ng Äáº¡o, Quáº­n 1, ThÃ nh phá»‘ Há»“ ChÃ­ Minh","Ä‘Æ¡n khÃ¡ phong phÃº, cÃ¡c Ä‘áº§u báº¿p VN náº¥u Ä‘á»“ Nháº­t.",10.7675008,106.6947866,POINT (106.6947866 10.7675008)
áº¨m Thá»±c NhÃ  Bu,QuÃ¡n Äƒn nhá»,3.8,21.0,"91 Nguyá»…n Thá»‹ Minh Khai, Quáº­n 1, ThÃ nh phá»‘ Há»“ ChÃ­ Minh",khÃ´ng cÃ³ Ä‘Ã¡nh giÃ¡,10.7730177,106.688916,POINT (106.688916 10.7730177)
Dookki Vincom Äá»“ng Khá»Ÿi,MÃ³n Äƒn tá»± chá»n,4.3,1100.0,"72 LÃª ThÃ¡nh TÃ´n, Quáº­n 1, ThÃ nh phá»‘ Há»“ ChÃ­ Minh",Äiá»ƒm cá»™ng ná»¯a lÃ  cÃ¡c mÃ³n Äƒn kÃ¨m nhÆ° gÃ  chiÃªn vÃ  cÆ¡m trá»™n Ä‘á»u ráº¥t ngon.,10.7780263,106.7020418,POINT (106.7020418 10.7780263)
NhÃ  hÃ ng chay Sesame - áº¨m thá»±c chay,Äá»“ chay,4.8,87.0,"39 Ä. TÃ´n Tháº¥t Thiá»‡p, Quáº­n 1, ThÃ nh phá»‘ Há»“ ChÃ­ Minh","Ä‘Æ¡n chay Ä‘a dáº¡ng vÃ  phong phÃº, NhÃ¢n viÃªn phá»¥c vá»¥ dá»… thÆ°Æ¡ng .",10.77388349120162,106.70306731856363,POINT (106.70306731856363 10.77388349120162)
Morico LÃª Lá»£i,MÃ³n Äƒn Nháº­t Báº£n,4.6,2700.0,"30 LÃª Lá»£i, Quáº­n 1, ThÃ nh phá»‘ Há»“ ChÃ­ Minh","BÃ¡nh mochi ráº¥t má»m, tan ngay khi vá»«a cho vÃ o thÆ°á»Ÿng thá»©c.",10.774712883760264,106.70159486279458,POINT (106.70159486279458 10.774712883760264)
Crystal Jade Palace Restaurant,NhÃ  hÃ ng,4.4,148.0,"Legend Saigon Hotel, 4A TÃ´n Äá»©c Tháº¯ng, Quáº­n 1, ThÃ nh phá»‘ Há»“ ChÃ­ Minh","thá»©c Äƒn ngon, cÃ²n nÃ³ng khi Ä‘Æ°á»£c Ä‘Æ°a ra, tÃ´m tÆ°Æ¡i.",10.778276,106.70732575,POINT (106.70732575 10.778276)
MORICO,MÃ³n Äƒn Nháº­t Báº£n,4.6,1000.0,"Vincom Center, 70-72 LÃª ThÃ¡nh TÃ´n, Quáº­n 1, ThÃ nh phá»‘ Há»“ ChÃ­ Minh","Vá»«a cÃ³ Ä‘á»“ Äƒn vá»«a cÃ³ nhiá»u bÃ¡nh, Ä‘á»“ ngá»t Ä‘á»ƒ thÆ°á»Ÿng thá»©c.",10.7772086,106.7017762,POINT (106.7017762 10.7772086)
NhÃ  hÃ ng CÆ¡m XÆ°a,NhÃ  hÃ ng,3.7,311.0,"20 Tráº§n Cao VÃ¢n, Quáº­n 1, ThÃ nh phá»‘ Há»“ ChÃ­ Minh","CÆ¡m ngoan quÃ¡n Ä‘áº¹p,sáº¡ch sáº½  thá»©c Äƒn ngon",10.784324,106.697355,POINT (106.697355 10.784324)
Vina Chuá»‘i,NhÃ  hÃ ng bÃ¡n Ä‘á»“ Äƒn mang vá»,4.2,145.0,"25 Huá»³nh ThÃºc KhÃ¡ng, Quáº­n 1, ThÃ nh phá»‘ Há»“ ChÃ­ Minh","Thá»©c Äƒn ngon, nhÃ¢n viÃªn cá»±c ká»³ hiáº¿u khÃ¡ch vÃ  thÃ¢n thiá»‡n",10.7728907,106.7026671,POINT (106.7026671 10.7728907)
Baozi Há»“ TÃ¹ng Máº­u,NhÃ  hÃ ng,4.2,687.0,"79 Há»“ TÃ¹ng Máº­u, Quáº­n 1, ThÃ nh phá»‘ Há»“ ChÃ­ Minh",Hqua dáº§u váº«n chÆ°a gá»i lÃ  rÃ¡o nÃªn tÄƒng lá»­a Ä‘áº©y dáº§u ra khi mÃ³n Äƒn vá»«a tá»›i.,10.7722945,106.7036756,POINT (106.7036756 10.7722945)
Be An Vegetarian CafÃ©,Äá»“ chay,4.8,1800.0,"Saigon Garden, 99 NguyÃªÌƒn HuÃªÌ£, Quáº­n 1, ThÃ nh phá»‘ Há»“ ChÃ­ Minh","CÃ¡c mÃ³n Äƒn Ä‘Æ°á»£c chÄƒm chÃºt, táº¡o áº¥n tÆ°á»£ng tá»‘t cho  khÃ¡ch.",10.7755232,106.702529,POINT (106.702529 10.7755232)
NhÃ  HÃ ng Phá»‘ 79 (chi nhÃ¡nh 1),NhÃ  hÃ ng,4.2,608.0,"120 SÆ°Æ¡ng Nguyá»‡t Anh, Quáº­n 1, ThÃ nh phá»‘ Há»“ ChÃ­ Minh",MÃ³n Äƒn Ä‘c cháº¿ biáº¿n 1 cÃ¡ch bÃ¬nh thÆ°á»ng nhÆ°ng giÃ¡ cáº£ khÃ¡ lÃ  Ä‘áº¯t Ä‘á» ğŸ˜¥,10.771887,106.689061,POINT (106.689061 10.771887)
NhÃ  hÃ ng Long Triá»u,MÃ³n Äƒn Quáº£ng ÄÃ´ng,4.3,64.0,"22 â€“ 36 Nguyá»…n Huá»‡ &, 57 â€“ 69F Äá»“ng Khá»Ÿi, Quáº­n 1, ThÃ nh phá»‘ Há»“ ChÃ­ Minh","KhÃ´ng gian to, Ä‘áº¹p, sang trá»ng, phÃ¹ há»£p vá»›i nhÃ³m lá»›nâ€¦",10.7768249,106.703813,POINT (106.703813 10.7768249)
BÃ¡nh BÃ¨o Huáº¿ O Trinh,MÃ³n Äƒn Viá»‡t Nam,4.3,215.0,"126 BÃ¹i Thá»‹ XuÃ¢n, Quáº­n 1, ThÃ nh phá»‘ Há»“ ChÃ­ Minh",quÃ¡n cÃ³ 1 chá»‹ vá»«a lÃ m vá»«a bÆ°ng bÃª nÃªn Ä‘á»£i hÆ¡i lÃ¢u tÃ­ nhÆ°ng Ä‘c Äƒn ngon,10.7691475,106.68777,POINT (106.68777 10.7691475)
Chilli Thai,MÃ³n Äƒn ThÃ¡i Lan,4.2,1700.0,"93 LÃ½ Tá»± Trá»ng, Quáº­n 1, ThÃ nh phá»‘ Há»“ ChÃ­ Minh",cÃ¡c mÃ³n thiÃªn vá» vá»‹ cay nÃªn nhÆ°ng ngÆ°á»i khÃ´ng Äƒn cay Ä‘Æ°á»£c nÃªn cÃ¢n nháº¯c.,10.7744943,106.6975843,POINT (106.6975843 10.7744943)
BÃ¡nh Æ°á»›t thá»‹t nÆ°á»›ng Ban MÃª,NhÃ  hÃ ng,4.0,377.0,"26 Nam Quá»‘c Cang, Quáº­n 1, ThÃ nh phá»‘ Há»“ ChÃ­ Minh","MÃ¬nh tháº¥y Ä‘á»“ Äƒn khÃ¡ ngon, lÃªn cÅ©ng nhanh, mÃ¬nh thÃ­ch nÆ°á»›c máº¯m ngá»t.",10.767882,106.687755,POINT (106.687755 10.767882)
Mr MÃ¬,MÃ³n Äƒn Viá»‡t Nam,4.4,144.0,"63 Pasteur, Quáº­n 1, ThÃ nh phá»‘ Há»“ ChÃ­ Minh",Vá»«a Ä‘Æ°á»£c ngá»“i Äƒn vá»«a ngáº¯m phá»‘ Pasteur nhá»™n nhá»‹p ná»¯a.,10.774866,106.700601,POINT (106.700601 10.774866)
Chá»£ Báº¿n ThÃ nh,ChÆ¡Ì£,4.0,75000.0,"ThÃ nh phá»‘ Há»“ ChÃ­ Minh, Quáº­n 1, ThÃ nh phá»‘ Há»“ ChÃ­ Minh","... rá»™ng, cÃ³ nhiá»u thá»© Ä‘á»ƒ xem vÃ  lá»±a chá»n tá»« Äƒn uá»‘ng Ä‘áº¿n",10.77974385,106.69901186265822,POINT (106.69901186265822 10.77974385)
QuÃ¡n Chay Chá»‹ Cá»§,Äá»“ chay,4.2,542.0,"4/7, Tráº§n ÄÃ¬nh Xu, Quáº­n 1, ThÃ nh phá»‘ Há»“ ChÃ­ Minh",Cheap and food variaty option of Viet vegan food.,10.7592259,106.6921641,POINT (106.6921641 10.7592259)
NhÃ  hÃ ng Äá»©c Báº£o,MÃ³n Äƒn Äá»©c,4.3,1100.0,"36 Äá»“ng Khá»Ÿi, Quáº­n 1, ThÃ nh phá»‘ Há»“ ChÃ­ Minh","Thá»©c Äƒn ngon, áº¥n tÆ°á»£ng vá»›i mÃ³n trá»«u nÆ°á»›ng thá»‹t má»m tan, khÃ¡ch nÃªn thá»­.",10.7745122,106.7047695,POINT (106.7047695 10.7745122)
Hoang Yen Vietnamese Cuisine,MÃ³n Äƒn Viá»‡t Nam,4.3,1400.0,"7 NgÃ´ Äá»©c Káº¿, Quáº­n 1, ThÃ nh phá»‘ Há»“ ChÃ­ Minh",ChÃºng tÃ´i gá»i nhiá»u mÃ³n Ä‘á»ƒ thá»­ phong cÃ¡ch  cá»§a nhÃ  hÃ ng.,10.7740085,106.7058224,POINT (106.7058224 10.7740085)
MÄƒng's Mania Vegetarian Restaurant,MÃ³n chay,4.7,454.0,"86 NguyÃªÌƒn HuÃªÌ£, Quáº­n 1, ThÃ nh phá»‘ Há»“ ChÃ­ Minh","ÄÃ¢y lÃ  má»™t nÆ¡i lÃ½ tÆ°á»Ÿng Ä‘á»ƒ tá»›i Äƒn chay, Ä‘á»“ Äƒn  sá»± rÃ¢t ngon.",10.775182,106.702765,POINT (106.702765 10.775182)
NhÃ  HÃ ng MÃ³n Ngon,NhÃ  hÃ ng,3.7,13.0,"257A Nguyá»…n TrÃ£i, Quáº­n 1, ThÃ nh phá»‘ Há»“ ChÃ­ Minh",khÃ´ng cÃ³ Ä‘Ã¡nh giÃ¡,10.764573,106.6875323,POINT (106.6875323 10.764573)
NhÃ  HÃ ng Con Voi VÃ ng,MÃ³n Äƒn ThÃ¡i Lan,4.4,1100.0,"34 Hai BÃ  TrÆ°ng, Quáº­n 1, ThÃ nh phá»‘ Há»“ ChÃ­ Minh",CÃ¡c báº¡n thÃ­ch Äƒn cay cÃ³ thá»ƒ xin khay á»›t nhÆ° trong hÃ¬nh Ä‘á»ƒ nÃªm cho dá»….,10.7769534,106.704788,POINT (106.704788 10.7769534)
NhÃ  HÃ ng PhÆ°á»£ng HoÃ ng è¥¿è´¡å‡¤å‡°é¥­åº—,NhÃ  hÃ ng Trung Quá»‘c,3.9,151.0,"78 NguyÃªÌƒn HuÃªÌ£, Quáº­n 1, ThÃ nh phá»‘ Há»“ ChÃ­ Minh",Má»™t nÆ¡i tuyá»‡t vá»i Ä‘á»ƒ thÆ°á»Ÿng thá»©c hÆ°Æ¡ng vá»‹  Viá»‡t Nam.,10.7733097,106.7042417,POINT (106.7042417 10.7733097)
Xáº»ng - Má»“i & Bia,NhÃ  hÃ ng,4.4,922.0,"22 Nguyá»…n ÄÃ¬nh Chiá»ƒu, Quáº­n 1, ThÃ nh phá»‘ Há»“ ChÃ­ Minh",Má»™t Ä‘á»‹a Ä‘iá»ƒm tuyá»‡t vá»i Ä‘á»ƒ thÆ°á»Ÿng thá»©c  Viá»‡t Nam.,10.7889335,106.7000303,POINT (106.7000303 10.7889335)
Bornga Ly Tu Trong,MÃ³n thá»‹t nÆ°á»›ng Triá»u TiÃªn,4.2,1300.0,"45 LÃ½ Tá»± Trá»ng, Quáº­n 1, ThÃ nh phá»‘ Há»“ ChÃ­ Minh",QuÃ¡n cÃ³ Ä‘áº§y Ä‘á»§ cÃ¡c mÃ³n theo  HÃ n Quá»‘c.,10.7773522,106.7004386,POINT (106.7004386 10.7773522)
NhÃ  hÃ ng háº£i sáº£n & láº©u Yeebo (Quáº­n 1) - Yeebo Seafood and Hotpot Restaurant (District 1),MÃ³n Äƒn ChÃ¢u Ã,4.2,638.0,"1 LÃª ThÃ¡nh TÃ´n, Quáº­n 1, ThÃ nh phá»‘ Há»“ ChÃ­ Minh","Thá»©c Äƒn ngon, phá»¥c vá»¥ lá»‹ch sá»±, táº­n tÃ¬nh, chu Ä‘Ã¡o;",10.7816612,106.7054831,POINT (106.7054831 10.7816612)
QuÃ¡n Chay NhÃ  TÃ´i Vegan,MÃ³n chay,4.3,472.0,"124 Nguyá»…n VÄƒn Thá»§, Quáº­n 1, ThÃ nh phá»‘ Há»“ ChÃ­ Minh","MÃ¬ cay chay
cÃ³ váº» phÃ¹ há»£p vá»›i ngÆ°á»i thÃ­ch Äƒn Ä‘á»“ chua hÆ¡n.",10.7882812,106.6974577,POINT (106.6974577 10.7882812)
Tháº¿ Giá»›i CÃ  PhÃª Trung NguyÃªn Legend,QuÃ¡n cÃ  phÃª,4.7,3500.0,"80 Äá»“ng Khá»Ÿi, Quáº­n 1, ThÃ nh phá»‘ Há»“ ChÃ­ Minh","Thá»©c uá»‘ng ngon, má»™t sá»‘ mÃ³n cÃ³ táº·ng kÃ¨m viÃªn káº¹o kÃ©o Äƒn cÅ©ng ok.",10.7754766,106.7037177,POINT (106.7037177 10.7754766)
"áº¨m Thá»±c CÆ¡m Chay, MÃ¬ Chay Healthy - Chay Express - 18 Äinh TiÃªn HoÃ ng Quáº­n 1",Äá»“ chay,5.0,11.0,"18 Äinh TiÃªn HoÃ ng, Quáº­n 1, ThÃ nh phá»‘ Há»“ ChÃ­ Minh",Nhá»¯ng ngÃ y Äƒn chay thÃ¬ Chay Express lÃ  lá»±a chá»n á»•n Ã¡p.,10.7883762,106.6999326,POINT (106.6999326 10.7883762)
HOANG TY RESTAURANT,MÃ³n Äƒn Viá»‡t Nam,4.2,189.0,"38 Máº¡c ÄÄ©nh Chi, Quáº­n 1, ThÃ nh phá»‘ Há»“ ChÃ­ Minh","Thá»©c Äƒn nÃªm vá»«a vá»‹, rau sá»‘ng vÃ  rau rá»«ng tÆ°Æ¡i ngon, nÆ°á»›c cháº¥m Ä‘áº­m vá»‹.",10.7857499,106.6984234,POINT (106.6984234 10.7857499)
La Phong Sushi House,Sushi,4.4,400.0,"9 Tráº§n Cao VÃ¢n, Quáº­n 1, ThÃ nh phá»‘ Há»“ ChÃ­ Minh","CÃ¡ch trang trÃ­ cá»§a quÃ¡n khÃ¡ Nháº­t, lÃ  nÆ¡i lÃ½ tÆ°á»Ÿng Ä‘á»ƒ tiáº¿p khÃ¡ch",10.7848214,106.6981843,POINT (106.6981843 10.7848214)
BB Restaurant | NhÃ  HÃ ng Quáº­n 1 | Äáº·t tiá»‡c Quáº­n 1,NhÃ  hÃ ng,4.9,71.0,"127 Nguyá»…n ThÃ¡i BÃ¬nh, Quáº­n 1, ThÃ nh phá»‘ Há»“ ChÃ­ Minh",Ráº¥t phÃ¹ há»£p cho nhá»¯ng ai tÃ¬m kiáº¿m sá»± thÆ° giÃ£n trong mÃ´i trÆ°á»ng cao cáº¥p,10.7682352,106.6986568,POINT (106.6986568 10.7682352)
The Monkey Gallery DINING,MÃ³n Äƒn sang trá»ng,4.5,488.0,"3rd Floor, 91 Máº¡c Thá»‹ BÆ°á»Ÿi, Quáº­n 1, ThÃ nh phá»‘ Há»“ ChÃ­ Minh",2 ngÆ°á»i Äƒn chá»n  Ä‘Æ¡n ++  mÃ  chÆ°a no.,10.7745399,106.7039947,POINT (106.7039947 10.7745399)
QuÃ¡n Äƒn gia Ä‘Ã¬nh 79,QuÃ¡n Äƒn nhá»,4.5,406.0,"44 Äá» ThÃ¡m, Quáº­n 1, ThÃ nh phá»‘ Há»“ ChÃ­ Minh","Thá»©c Äƒn lÃªn nhanh, cháº¿ biáº¿n há»£p kháº©u vá»‹, cÃ³ chá»— Ä‘áº­u oto xe mÃ¡y",10.7635924,106.6956981,POINT (106.6956981 10.7635924)
Dahi Handi Indian Restaurant,MÃ³n Äƒn áº¤n Ãá»™,4.8,2700.0,"23 ÄÃ´ng Du, Quáº­n 1, ThÃ nh phá»‘ Há»“ ChÃ­ Minh",MÃ¬nh tá»«ng Äƒn nhiá»u quÃ¡n nhÆ°ng Ä‘á»“ Äƒn á»Ÿ Ä‘Ã¢y  sá»± ngon vÃ  vá»«a kháº©u vá»‹.,10.7769437,106.7054713,POINT (106.7054713 10.7769437)
QuÃ¡n MÃ¬ Quáº£ng Má»¹ SÆ¡n,QuÃ¡n mÃ¬,3.8,597.0,"38B Äinh TiÃªn HoÃ ng, Quáº­n 1, ThÃ nh phá»‘ Há»“ ChÃ­ Minh","Rau sáº¡ch, quÃ¡n sáº¡ch, phá»¥c vá»¥ tá»‘t, Äƒn ngon miá»‡ng, giÃ¡ quáº­n Nháº¥t",10.7866006,106.7015992,POINT (106.7015992 10.7866006)
BÃºn Quáº­y KIáº¾N - XÃ‚Y Quáº­n 1,NhÃ  hÃ ng,4.1,770.0,"12 Nguyá»…n Thá»‹ Minh Khai, Quáº­n 1, ThÃ nh phá»‘ Há»“ ChÃ­ Minh","Má»‡t nháº¥t xay á»›t, quÃ¡n cÃ³ thá»ƒ xay sáºµn 1 Ã­t Ä‘c ko ğŸ˜‚ğŸ˜‚",10.7878735,106.70247316022675,POINT (106.70247316022675 10.7878735)
BÃºn BÃ² XÆ°a,QuÃ¡n mÃ¬,3.8,465.0,"148bis LÃª Thá»‹ RiÃªng, Quáº­n 1, ThÃ nh phá»‘ Há»“ ChÃ­ Minh","bÃºn bÃ² lÃ m sáº¡ch sáº½ , kháº©u vá»‹ ok , vá»«a Äƒn , giÃ¡ há»£p lÃ½",10.771208,106.690858,POINT (106.690858 10.771208)
Burger King - Pháº¡m NgÅ© LÃ£o,MÃ³n Äƒn nhanh,3.6,1300.0,"223-225 Pháº¡m NgÅ© LÃ£o, Quáº­n 1, ThÃ nh phá»‘ Há»“ ChÃ­ Minh",Máº¥y bÃªn khÃ¡c mÃ¬nh Äƒn thÃ¬ khoai dá»… má»m láº¯m cÃ²n khoai chiÃªn á»Ÿ Ä‘Ã¢y láº¡i ngon.,10.7684302,106.6926935,POINT (106.6926935 10.7684302)
Bier Garden,NhÃ  hÃ ng quÃ¡n rÆ°á»£u dÃ nh cho ngÆ°á»i sÃ nh Äƒn,4.0,439.0,"125 Äá»“ng Khá»Ÿi, Quáº­n 1, ThÃ nh phá»‘ Há»“ ChÃ­ Minh","bÃ² Äƒn ráº¥t okie, bia Ä‘a dáº¡ng, nhÃ¢n viÃªn ráº¥t nhiá»‡t tÃ¬nh.",10.776372,106.7027403,POINT (106.7027403 10.776372)
NhÃ  hÃ ng Pasha,MÃ³n Äƒn Thá»• NhÄ© Ká»³,4.2,745.0,"25 ÄÃ´ng Du, Quáº­n 1, ThÃ nh phá»‘ Há»“ ChÃ­ Minh","Thá»©c Äƒn: khÃ¡ lÃ  ngon, trÃ¬nh bÃ y chá»‰nh chu, cÅ©ng khÃ¡ Ä‘a dáº¡ng vá» mÃ³n.",10.7769179,106.7054475,POINT (106.7054475 10.7769179)
Halal@Saigon Restaurant,MÃ³n Äƒn cá»§a ngÆ°á»i theo Äáº¡o há»“i,4.2,666.0,"31 ÄÃ´ng Du, Quáº­n 1, ThÃ nh phá»‘ Há»“ ChÃ­ Minh","Trang trÃ­ phong cÃ¡ch trung Ä‘Ã´ng, tuy nhá» nhÆ°ng ráº¥t áº¥m cÃºng.",10.7760297,106.7047293,POINT (106.7047293 10.7760297)
Layla - Eatery & Bar,QuÃ¡n bar,4.8,5000.0,"Second floor, 63 ÄÃ´ng Du, Quáº­n 1, ThÃ nh phá»‘ Há»“ ChÃ­ Minh",NhÃ¢n viÃªn nhá»› Ä‘Æ°á»£c sá»Ÿ thÃ­ch khÃ¡ch hÃ ng cÅ© nÃªn láº§n sau Ä‘áº¿n gá»i mÃ³n ráº¥t dá»…,10.7760349,106.704642,POINT (106.704642 10.7760349)
QuÃ¡n cÆ¡m Bento Dino - BÃ¹i thá»‹ XuÃ¢n,DÃ nh cho gia Ä‘Ã¬nh,3.3,3.0,"134/3/1 BÃ¹i Thá»‹ XuÃ¢n, Quáº­n 1, ThÃ nh phá»‘ Há»“ ChÃ­ Minh","Ngonn, giÃ¡ ráº», cÃ´ chÃº dth",10.767767,106.686465,POINT (106.686465 10.767767)
VIP98 LUXURY RESTAURANT,PhÃ²ng tiá»‡c,4.2,534.0,"98 NguyÃªÌƒn HuÃªÌ£, Quáº­n 1, ThÃ nh phá»‘ Há»“ ChÃ­ Minh",Táº¥t cáº£: KhÃ´ng gian - mÃ³n Äƒn - Phá»¥c vá»¥ - Ã‚m nháº¡c Ä‘á»u tuyá»‡t,10.7753728,106.7024191,POINT (106.7024191 10.7753728)
SÃºp BÃ o NgÆ° Vi CÃ¡ Ã”ng Sá»§i,NhÃ  hÃ ng,3.1,45.0,"5 Nguyá»…n Thiá»‡p, Quáº­n 1, ThÃ nh phá»‘ Há»“ ChÃ­ Minh","Äá»“ Äƒn á»Ÿ Ä‘Ã¢y Ä‘áº­m Ä‘Ã , khÃ´ng quÃ¡ máº·n, Ä‘a dáº¡ng mÃ³n Äƒn vÃ  thá»©c uá»‘ng.",10.77526795,106.70328035,POINT (106.70328035 10.77526795)
BÃºn BÃ² Huáº¿ 31,QuÃ¡n mÃ¬,4.0,204.0,"31 Máº¡c ÄÄ©nh Chi, Quáº­n 1, ThÃ nh phá»‘ Há»“ ChÃ­ Minh","1 tÃ´ bÃºn bÃ² Ä‘áº§y Ä‘á»§ hÃ¬nh nhÆ° gia 55k, ráº» so vá»›i khu vá»±c nÃ y.",10.7862975,106.697839,POINT (106.697839 10.7862975)
BÃ¡nh Canh Cua DÃ¬ NÄƒm,QuÃ¡n Äƒn nhá»,4.4,57.0,"198 BÃ¹i Viá»‡n, Quáº­n 1, ThÃ nh phá»‘ Há»“ ChÃ­ Minh","BÃ¡nh canh vá»«a Äƒn
GiÃ¡ tÆ°Æ¡ng Ä‘á»‘i cao
CÃ´ chá»§ nhiá»‡t tÃ¬nh vui váº»",10.7662627,106.6915037,POINT (106.6915037 10.7662627)
NhÃ  HÃ ng Contiental Palace,NhÃ  hÃ ng,4.4,18.0,"Hotel Continental Saigon, 132 Äá»“ng Khá»Ÿi, Quáº­n 1, ThÃ nh phá»‘ Há»“ ChÃ­ Minh","Ä‚n sÃ¡ng á»Ÿ Ä‘Ã¢y ngáº¯m Ä‘Æ°á»ng phá»‘ ráº¥t thÃ­ch, bÃºn cÃ¡ á»Ÿ Ä‘Ã¢y ngon láº¯m luÃ´n.",10.7764692,106.7026335,POINT (106.7026335 10.7764692)
Kokugyu BBQ TÃ´n Tháº¥t Äáº¡m - NhÃ  hÃ ng BBQ Nháº­t Báº£n,MÃ³n nÆ°á»›ng Yakiniku,4.6,74.0,"153 TÃ´n Tháº¥t Äáº¡m, Quáº­n 1, ThÃ nh phá»‘ Há»“ ChÃ­ Minh",CÃ¡c lá»±a chá»n thá»‹t cáº£m giÃ¡c Ã­t nhÆ°ng Äƒn vÃ o tháº¥y nhÆ° váº­y lÃ  vá»«a Ä‘á»§.,10.769517759006023,106.70400793518816,POINT (106.70400793518816 10.769517759006023)
SUSHI TEI,NhÃ  hÃ ng,4.3,597.0,"129 NguyÃªÌƒn HuÃªÌ£, Quáº­n 1, ThÃ nh phá»‘ Há»“ ChÃ­ Minh",Sushitei lÃ  nÆ¡i ráº¥t Ä‘Ã¡ng Ä‘á»ƒ tráº£i nghiá»‡m  cÃ³ nguá»“n gá»‘c tá»« Nháº­n Báº£n.,10.7739725,106.7018622,POINT (106.7018622 10.7739725)
MÃ¬ KÃ½ Quáº­n 1,CÃ¡c mÃ³n mÃ¬ Hoa,0.0,,"106 CÃ´ Báº¯c, Quáº­n 1, ThÃ nh phá»‘ Há»“ ChÃ­ Minh",khÃ´ng cÃ³ Ä‘Ã¡nh giÃ¡,10.7649042,106.6948595,POINT (106.6948595 10.7649042)
Haiâ€™s Restaurant,NhÃ  hÃ ng Viá»‡t Nam,4.9,2800.0,"257 LÃ½ Tá»± Trá»ng, Quáº­n 1, ThÃ nh phá»‘ Há»“ ChÃ­ Minh",khÃ´ng cÃ³ Ä‘Ã¡nh giÃ¡,10.772001,106.6942454,POINT (106.6942454 10.772001)
CÃ´ng viÃªn Chi LÄƒng,CÃ´ng viÃªn lÆ°u niá»‡m,4.2,298.0,"sá»‘ 72 LÃª ThÃ¡nh TÃ´n, Quáº­n 1, ThÃ nh phá»‘ Há»“ ChÃ­ Minh","MÃ¡t máº», sáº¡ch sáº½.",10.77517091861902,106.69999073167965,POINT (106.69999073167965 10.77517091861902)
CÃ´ng viÃªn 30/4,CÃ´ng viÃªn,4.6,51.0,"6 LÃª Duáº©n, Quáº­n 1, ThÃ nh phá»‘ Há»“ ChÃ­ Minh",Náº±m ngay trung tÃ¢m TP nÃªn dá»… dÃ ng di chuyá»ƒn Ä‘áº¿n cÃ¡c Ä‘iá»ƒm tham quan khÃ¡c.,10.7831941,106.7012359,POINT (106.7012359 10.7831941)
Tháº£o Cáº§m ViÃªn SÃ i GÃ²n,Äiá»ƒm thu hÃºt khÃ¡ch du lá»‹ch,4.3,33000.0,"2 Nguyá»…n Bá»‰nh KhiÃªm, Quáº­n 1, ThÃ nh phá»‘ Há»“ ChÃ­ Minh",LÃ  má»™t trong nhá»¯ng cÃ´ng trÃ¬nh mang tÃ­nh lá»‹ch sá»­ vÃ  lÃ¢u Ä‘á»i nháº¥t TP.,10.7884429,106.70404215499451,POINT (106.70404215499451 10.7884429)
CÃ´ng ViÃªn LÃª Lai,VÆ°á»n,4.2,16.0,"QM9Q+9Q9, Quáº­n 1, ThÃ nh phá»‘ Há»“ ChÃ­ Minh",khÃ´ng cÃ³ Ä‘Ã¡nh giÃ¡,10.7881551,106.69372313042169,POINT (106.69372313042169 10.7881551)
CÃ´ng ViÃªn Phong ChÃ¢u,CÃ´ng viÃªn,4.4,5.0,"146 Pháº¡m Viáº¿t ChÃ¡nh, Quáº­n 1, ThÃ nh phá»‘ Há»“ ChÃ­ Minh","sáº¡ch sáº½, cÃ³ quÃ¡n cafe káº¿ bÃªn.",10.7670195,106.6840933,POINT (106.6840933 10.7670195)
Há»™i hoa xuÃ¢n TPHCM,CÃ´ng viÃªn,4.4,29.0,"55c Nguyá»…n Thá»‹ Minh Khai, Quáº­n 1, ThÃ nh phá»‘ Há»“ ChÃ­ Minh",ÄÆ°á»£c tá»• chá»©c hÃ ng nÄƒm táº¡i  tao Ä‘Ã n vÃ o dá»‹p Táº¿t Ã‚m lá»‹ch.,10.7762412,106.6924688,POINT (106.6924688 10.7762412)
VÆ°á»n Cá»§a Dáº¿,VÆ°á»n,4.7,47.0,"104 Tráº§n KhÃ¡nh DÆ°, Quáº­n 1, ThÃ nh phá»‘ Há»“ ChÃ­ Minh","Äáº¹p, tÆ°Æ¡i mÃ¡t, nhiá»‡t tÃ¬nh, giÃ¡ cáº£ pháº£i chÄƒng...",10.794044,106.688976,POINT (106.688976 10.794044)
City Garden,VÆ°á»n,4.7,3.0,"38 Hai BÃ  TrÆ°ng, Quáº­n 1, ThÃ nh phá»‘ Há»“ ChÃ­ Minh",khÃ´ng cÃ³ Ä‘Ã¡nh giÃ¡,10.7768866,106.704697,POINT (106.704697 10.7768866)
NhÃ  thá» Äá»©c BÃ  SÃ i GÃ²n,Äiá»ƒm thu hÃºt khÃ¡ch du lá»‹ch,4.4,26000.0,"01 CÃ´ng trÆ°á»ng CÃ´ng xÃ£ Paris, Quáº­n 1, ThÃ nh phá»‘ Há»“ ChÃ­ Minh","Äáº¹p, Ä‘Ã´ng vui, Ä‘á»‹a Ä‘iá»ƒm nÃªn Ä‘áº¿n khi tham quan hcm",10.7789331,106.6990023,POINT (106.6990023 10.7789331)
Báº¿n Báº¡ch Äáº±ng,VÄƒn phÃ²ng cÃ´ng ty,4.5,7800.0,"1 TÃ´n Äá»©c Tháº¯ng, Quáº­n 1, ThÃ nh phá»‘ Há»“ ChÃ­ Minh",Ban ngÃ y vÃ  Ä‘Ãªm á»Ÿ  Ä‘á»u cÃ³ váº» Ä‘áº¹p khÃ¡c nhau.,10.770941,106.697918,POINT (106.697918 10.770941)
TÆ°á»£ng Tráº§n VÄƒn Æ n,CÃ´ng viÃªn,4.7,3.0,"48 LÃ½ Tá»± Trá»ng, Quáº­n 1, ThÃ nh phá»‘ Há»“ ChÃ­ Minh",TÆ°á»£ng Tráº§n VÄƒn Æ n Ä‘Æ°á»£c Ä‘áº·t trong  BÃ¡ch TÃ¹ng Diá»‡p.,10.7774077,106.7004935,POINT (106.7004935 10.7774077)
SANSEVIERIA PARADISE,VÆ°á»n,5.0,4.0,"26/14 Nguyá»…n Bá»‰nh KhiÃªm, Quáº­n 1, ThÃ nh phá»‘ Há»“ ChÃ­ Minh",khÃ´ng cÃ³ Ä‘Ã¡nh giÃ¡,10.7900853,106.7019513,POINT (106.7019513 10.7900853)
NhÃ  lan tháº£o cáº§m viÃªn,CÃ´ng viÃªn,4.6,7.0,"QPQ4+CF7, Tháº£o Cáº§m ViÃªn SÃ i GÃ²n, Quáº­n 1, ThÃ nh phá»‘ Há»“ ChÃ­ Minh","MÃ¡t máº» nÃ¨, Ä‘i má»™t ngÃ y Ä‘Ã ng há»c má»™t sÃ ng khÃ´n",10.7875531,106.7070512,POINT (106.7070512 10.7875531)
Phá»‘ Ä‘i bá»™ BÃ¹i Viá»‡n,Khu vá»±c Ä‘i bá»™,5.0,2.0,"143 BÃ¹i Viá»‡n, Quáº­n 1, ThÃ nh phá»‘ Há»“ ChÃ­ Minh",khÃ´ng cÃ³ Ä‘Ã¡nh giÃ¡,10.7666545,106.6922667,POINT (106.6922667 10.7666545)
Dii Sauna & Icebath,CÃ¢u láº¡c bá»™ spa vÃ  sá»©c khá»e,5.0,143.0,"375/9 HoÃ ng Sa, Quáº­n 1, ThÃ nh phá»‘ Há»“ ChÃ­ Minh","Tiá»‡m ráº¥t Ä‘áº¹p, báº¡n nhÃ¢n  nhiá»‡t tÃ¬nh vÃ  ráº¥t chu Ä‘Ã¡o takecare tá»¥i mÃ¬nh.",10.7919555,106.7048162,POINT (106.7048162 10.7919555)
NovaDreams Cafe - 2Bis Nguyá»…n Thá»‹ Minh Khai,QuÃ¡n cÃ  phÃª,3.9,320.0,"2Bis Nguyá»…n Thá»‹ Minh Khai, Quáº­n 1, ThÃ nh phá»‘ Há»“ ChÃ­ Minh","1. Khu vui chÆ¡i mÃ´ hÃ¬nh Ä‘áº¹p , khá»§ng long nhÃ¬n.",10.78797185,106.7049562864172,POINT (106.7049562864172 10.78797185)
LiÃªn Ä‘oÃ n Nguyá»…n Ãnh - HÆ°á»›ng Ä‘áº¡o Viá»‡t Nam,VÆ°á»n,0.0,,"80 TrÆ°Æ¡ng Äá»‹nh, Quáº­n 1, ThÃ nh phá»‘ Há»“ ChÃ­ Minh",khÃ´ng cÃ³ Ä‘Ã¡nh giÃ¡,10.7738996,106.6941514,POINT (106.6941514 10.7738996)
Heart of Darkness Craft Brewery,NhÃ  mÃ¡y bia,4.6,3500.0,"31D LÃ½ Tá»± Trá»ng, Quáº­n 1, ThÃ nh phá»‘ Há»“ ChÃ­ Minh",Cáº§n Ä‘áº·t trÆ°á»›c khi Ä‘áº¿n Ä‘á»ƒ cÃ³ view tá»‘t,10.7797138,106.7028996,POINT (106.7028996 10.7797138)
Gammer Beer,QuÃ¡n bia,4.2,2500.0,"107 Pasteur, Quáº­n 1, ThÃ nh phá»‘ Há»“ ChÃ­ Minh","Vá»‹ trÃ­ quÃ¡n ngá»“i lai rai khÃ¡ lÃ½ tÆ°á»Ÿng, thá»©c Äƒn vá»›i beer tÆ°Æ¡ng Ä‘á»‘i á»•n",10.7770079,106.6997027,POINT (106.6997027 10.7770079)
Shop Hoa TÆ°Æ¡i Quáº­n 1 - Hoa ÄÃ¡m Tang Quáº­n 1 TPHCM,Cá»­a hÃ ng bÃ¡n buÃ´n,5.0,5.0,"284 Ä. Cá»‘ng Quá»³nh, Quáº­n 1, ThÃ nh phá»‘ Há»“ ChÃ­ Minh","Ä‘áº¹p, phÃ¹ há»£p vá»›i khÃ´ng khÃ­ trang nghiÃªm",10.76872665,106.68589747397361,POINT (106.68589747397361 10.76872665)
Ben Flowers,Cá»­a hÃ ng hoa,4.0,77.0,"15N Nguyá»…n Thá»‹ Minh Khai, Quáº­n 1, ThÃ nh phá»‘ Há»“ ChÃ­ Minh",Nháº­n Ä‘Æ°á»£c  ráº¥t báº¥t ngá» vÃ¬ nhÃ¬n á»Ÿ ngoÃ i cÃ²n Ä‘áº¹p hÆ¡n hÃ¬nh chá»¥p ğŸ‘ğŸ‘,10.7858891,106.700935,POINT (106.700935 10.7858891)
Há»“ bÆ¡i Lao Äá»™ng,Bá»ƒ bÆ¡i,3.9,457.0,"6 Huyá»n TrÃ¢n CÃ´ng ChÃºa, Quáº­n 1, ThÃ nh phá»‘ Há»“ ChÃ­ Minh",ÄÃ¡nh giÃ¡ 5 sao â­ï¸ â­ï¸â­ï¸â­ï¸â­ï¸,10.776084,106.694568,POINT (106.694568 10.776084)
Ben Nghe Street Food,NhÃ  hÃ ng,4.3,11000.0,"134 Nam Ká»³ Khá»Ÿi NghÄ©a, Quáº­n 1, ThÃ nh phá»‘ Há»“ ChÃ­ Minh","dá»‹ch vá»¥ tá»‘t, Ä‘a dáº¡ng mÃ³n Äƒn, cháº¥t lÆ°á»£ng phá»¥c vá»¥ nhiá»‡t tÃ¬nh vui váº».",10.7776249,106.6978228,POINT (106.6978228 10.7776249)
VÆ°á»n bÆ°á»›m,VÆ°á»n bÃ¡ch thÃº,4.3,24.0,"2 Nguyá»…n Bá»‰nh KhiÃªm, Quáº­n 1, ThÃ nh phá»‘ Há»“ ChÃ­ Minh",ÄÃ¢y khÃ´ng chá»‰ lÃ  nÆ¡i Ä‘á»ƒ thÆ° giÃ£n mÃ  cÃ²n lÃ  cÆ¡ há»™i há»c há»i Ä‘áº§y Ã½ nghÄ©a.,10.788542,106.706791,POINT (106.706791 10.788542)
Miáº¿u NÄƒm BÃ  NgÅ© HÃ nh Tao ÄÃ n,NÆ¡i thá» cÃºng,4.7,67.0,"116 Nguyá»…n Du, Quáº­n 1, ThÃ nh phá»‘ Há»“ ChÃ­ Minh",Miáº¿u má»Ÿ cá»­a tá»« máº¥y giá» Ä‘áº¿n máº¥y giá» áº¡,10.7735821,106.6944275,POINT (106.6944275 10.7735821)
ChÃ¹a Tam Báº£o,ChÃ¹a pháº­t giÃ¡o,4.6,18.0,"54/44 Tráº§n Quang Kháº£i, Quáº­n 1, ThÃ nh phá»‘ Há»“ ChÃ­ Minh",Ä‘Æ°á»£c HoÃ  thÆ°á»£ng ThÆ°á»£ng Thiá»‡n Háº¡ Nguyá»‡t thÃ nh láº­p nÄƒm 1960.,10.7924883,106.6945335,POINT (106.6945335 10.7924883)
Bá»­u Hoa Tá»±,ChÃ¹a pháº­t giÃ¡o,4.1,10.0,"182/45 Äá» ThÃ¡m, Quáº­n 1, ThÃ nh phá»‘ Há»“ ChÃ­ Minh",khÃ´ng cÃ³ Ä‘Ã¡nh giÃ¡,10.7636131,106.6956861,POINT (106.6956861 10.7636131)
ChÃ¹a PhÃ¡p Bá»­u,ChÃ¹a,4.4,5.0,"245/1 ChÆ°Æ¡ng D., Quáº­n 1, ThÃ nh phá»‘ Há»“ ChÃ­ Minh","lÃ  nÆ¡i tu táº­p cá»§a Ni, quÃ­ Ni á»Ÿ  thÃ¢n thiá»‡n.",10.758225,106.691224,POINT (106.691224 10.758225)
ChÃ¹a PhÃ¡p Hoa,ChÃ¹a,4.5,2.0,"183 CÃ´ Báº¯c, Quáº­n 1, ThÃ nh phá»‘ Há»“ ChÃ­ Minh",khÃ´ng cÃ³ Ä‘Ã¡nh giÃ¡,10.764795,106.694728,POINT (106.694728 10.764795)
ChÃ¹a Long Bá»­u,ChÃ¹a pháº­t giÃ¡o,4.5,239.0,"QM6X+67R, Quáº­n 1, ThÃ nh phá»‘ Há»“ ChÃ­ Minh","Long Bá»­u Ä‘Æ°á»£c thiáº¿t káº¿ vÃ  bÃ y biá»‡n Ä‘áº¹p, gá»n gÃ ng, sáº¡ch sáº½.",10.7664477,106.6983992,POINT (106.6983992 10.7664477)
NhÃ  thá» GiÃ¡o xá»© Máº¡c Ty Nho,NhÃ  thá» CÃ´ng giÃ¡o,4.6,163.0,"16 Nguyá»…n Thá»‹ Minh Khai, Quáº­n 1, ThÃ nh phá»‘ Há»“ ChÃ­ Minh","Máº¡c Ty Nho, tá»a láº¡c táº¡i 16 Ä.",10.78624875,106.70079359917278,POINT (106.70079359917278 10.78624875)
NhÃ  thá» GiÃ¡o xá»© ThÃ¡nh Gia,NhÃ  thá» CÃ´ng giÃ¡o,4.8,47.0,"18/2 Tráº§n QuÃ½ KhoÃ¡ch, Quáº­n 1, ThÃ nh phá»‘ Há»“ ChÃ­ Minh",NÆ¡i lÆ°u giá»¯ nhiá»u ká»‰ niá»‡m Ä‘áº¹p vá»›i ChÃºa.,10.793441,106.68881,POINT (106.68881 10.793441)
ThÃ¡nh Ä‘Æ°á»ng Há»“i giÃ¡o Jamia Al-Musulman,NhÃ  thá» Há»“i giÃ¡o,4.7,1200.0,"66 ÄÃ´ng Du, Quáº­n 1, ThÃ nh phá»‘ Há»“ ChÃ­ Minh",Cá»™ng Ä‘á»“ng ngÆ°á»i Há»“i  táº¡i Ä‘Ã¢y ráº¥t thÃ¢n thiá»‡n vÃ  máº¿n khÃ¡ch.,10.7762601,106.70427117619047,POINT (106.70427117619047 10.7762601)
Trá»¥ Sá»Ÿ GiÃ¡o Pháº­n Vinh,NhÃ  thá» CÃ´ng giÃ¡o,4.4,30.0,"32 Nguyá»…n Bá»‰nh KhiÃªm, Quáº­n 1, ThÃ nh phá»‘ Há»“ ChÃ­ Minh",Náº±m gáº§n Ä‘Æ°á»ng nÃªn khÃ¡ tiá»‡n lá»£i Ä‘i láº¡i,10.7908328,106.70114,POINT (106.70114 10.7908328)
Báº£o tÃ ng Chiáº¿n dá»‹ch Há»“ ChÃ­ Minh,Báº£o tÃ ng chiáº¿n tranh,4.3,360.0,"Sá»‘ 2 LÃª Duáº©n, Quáº­n 1, ThÃ nh phá»‘ Há»“ ChÃ­ Minh",CÃ¡c  Ä‘Æ°á»£c lÆ°u giá»¯ táº¡i Ä‘Ã¢y ráº¥t nhiá»u,10.78646994786532,106.7043251555099,POINT (106.7043251555099 10.78646994786532)
Phá»‘ Nháº­t SÃ i GÃ²n,Äiá»ƒm thu hÃºt khÃ¡ch du lá»‹ch,4.3,2000.0,"8A ThÃ¡i VÄƒn Lung, Quáº­n 1, ThÃ nh phá»‘ Há»“ ChÃ­ Minh","Khu phá»‘ Nháº­t mÃ¬nh ghÃ© vÃ o buá»•i chiá»u, khÃ´ng khÃ­ yÃªn tÄ©nh vÃ  dá»… chá»‹u láº¯m.",10.7798254,106.704975,POINT (106.704975 10.7798254)
Chá»£ TÃ¢n Äá»‹nh,ChÆ¡Ì£,4.2,9700.0,"336 Hai BÃ  TrÆ°ng, Quáº­n 1, ThÃ nh phá»‘ Há»“ ChÃ­ Minh",Nhiá»u Ä‘á»“ cÃ¡i gÃ¬ cÅ©ng cÃ³ mÃ  nhá»› tráº£ giÃ¡ nhÃ© má»i ngÆ°á»i.,10.781534,106.699573,POINT (106.699573 10.781534)
TTTM Union Square,Trung tÃ¢m mua sáº¯m,4.0,574.0,"171 Äá»“ng Khá»Ÿi, Quáº­n 1, ThÃ nh phá»‘ Há»“ ChÃ­ Minh",CÃ²n ngÆ°á»i bÃ¬nh thÆ°á»ng vÃ o rá»­a máº¯t lÃ  chÃ­nh.,10.7767899,106.7019656,POINT (106.7019656 10.7767899)
Vincom Center LÃª ThÃ¡nh TÃ´n An PhÆ°á»›c,Trung tÃ¢m mua sáº¯m,3.6,45.0,"39 LÃª ThÃ¡nh TÃ´n, Quáº­n 1, ThÃ nh phá»‘ Há»“ ChÃ­ Minh",Ä‘a dáº¡ng hÃ ng hoÃ¡,10.7772778,106.70201137702583,POINT (106.70201137702583 10.7772778)
Saigon Trade Center,Trung tÃ¢m thÆ°Æ¡ng máº¡i,4.1,909.0,"37 TÃ´n Äá»©c Tháº¯ng, Quáº­n 1, ThÃ nh phá»‘ Há»“ ChÃ­ Minh",LÃ  1 Ä‘iá»ƒm trá»« cho  thÃ nh phá»‘.,10.783943449999999,106.70360065072116,POINT (106.70360065072116 10.783943449999999)
TÃ²a nhÃ  Central Park 2,Trung tÃ¢m thÆ°Æ¡ng máº¡i,4.4,182.0,"121 Nguyá»…n Du, Quáº­n 1, ThÃ nh phá»‘ Há»“ ChÃ­ Minh","Äáº¹p,  thu hÃºt ngÆ°á»i Ä‘áº¿n",10.77317595,106.6942798291063,POINT (106.6942798291063 10.77317595)
Vincom Eden A,Trung tÃ¢m mua sáº¯m,4.6,7.0,"183 Äá»“ng Khá»Ÿi, Quáº­n 1, ThÃ nh phá»‘ Há»“ ChÃ­ Minh",Co.op mart hoáº¡t Ä‘á»™ng chÆ°a váº­y,10.7771903,106.7018447,POINT (106.7018447 10.7771903)
Trung TÃ¢m ThÆ°Æ¡ng Máº¡i Union Square,Trung tÃ¢m mua sáº¯m,5.0,2.0,"116 NguyÃªÌƒn HuÃªÌ£, Quáº­n 1, ThÃ nh phá»‘ Há»“ ChÃ­ Minh",khÃ´ng cÃ³ Ä‘Ã¡nh giÃ¡,10.7739779,106.7035189,POINT (106.7035189 10.7739779)
ToÃ  nhÃ  Times Square,Trung tÃ¢m thÆ°Æ¡ng máº¡i,3.7,295.0,"36 NguyÃªÌƒn HuÃªÌ£, Quáº­n 1, ThÃ nh phá»‘ Há»“ ChÃ­ Minh","Vá»‹ trÃ­ tuyá»‡t Ä‘áº¹p, ngay  SÃ i GÃ²n.",10.773883,106.70484,POINT (106.70484 10.773883)
Diamond Department Store,Cá»­a hÃ ng bÃ¡ch hÃ³a,4.3,44.0,"34 LÃª Duáº©n, Quáº­n 1, ThÃ nh phá»‘ Há»“ ChÃ­ Minh","NhÃ¢n viÃªn dá»… , nhiá»‡t tÃ¬nh",10.78122055,106.69842285096114,POINT (106.69842285096114 10.78122055)
TÃ²a nhÃ  HDTC,Trung tÃ¢m thÆ°Æ¡ng máº¡i,3.8,119.0,"36 BÃ¹i Thá»‹ XuÃ¢n, Quáº­n 1, ThÃ nh phá»‘ Há»“ ChÃ­ Minh",Thuáº­n tiá»‡n cho viá»‡c giao dá»‹ch,10.771431,106.6899542,POINT (106.6899542 10.771431)
Central Point,Trung tÃ¢m thÆ°Æ¡ng máº¡i,4.3,11.0,"215 Nguyá»…n VÄƒn Thá»§, Quáº­n 1, ThÃ nh phá»‘ Há»“ ChÃ­ Minh",khÃ´ng cÃ³ Ä‘Ã¡nh giÃ¡,10.790059,106.69912,POINT (106.69912 10.790059)
Asiana Food Town (Chá»£ áº¨m Thá»±c DÆ°á»›i LÃ²ng Äáº¥t),Khu Äƒn uá»‘ng,4.2,2600.0,"Khu B cÃ´ng viÃªn 23, 4 Pháº¡m NgÅ© LÃ£o, Quáº­n 1, ThÃ nh phá»‘ Há»“ ChÃ­ Minh",sáº¡ch sáº½ mÃ  giÃ¡ cao Ä‘a pháº§n giÃ nh cho ng nÆ°á»›c ngoÃ i,10.76808075,106.69231110281889,POINT (106.69231110281889 10.76808075)
Sá»­a Cá»­a Cuá»‘n Quáº­n 1,Chá»£ Ä‘Ãªm,3.7,95.0,"50 Hai BÃ  TrÆ°ng, Quáº­n 1, ThÃ nh phá»‘ Há»“ ChÃ­ Minh",cÃ³ láº½ dÃ nh cho ngÆ°á»i há»“i giÃ¡o,10.7769307,106.7046466,POINT (106.7046466 10.7769307)
Cá»­a TÃ¢y Chá»£ Báº¿n ThÃ nh,Chá»£ Ä‘Ãªm,4.6,70.0,"23 Phan Chu Trinh, Quáº­n 1, ThÃ nh phá»‘ Há»“ ChÃ­ Minh",Phá»¥c vá»¥ siÃªu dá»… thÆ°Æ¡ng,10.7723037,106.6974907,POINT (106.6974907 10.7723037)
SÃ i GÃ²n Square,Trung tÃ¢m mua sáº¯m,4.0,8600.0,"77-89 Nam Ká»³ Khá»Ÿi NghÄ©a, Quáº­n 1, ThÃ nh phá»‘ Há»“ ChÃ­ Minh",nhiá»u Ä‘á»“ Ä‘áº¹p,10.772455749999999,106.70010958928572,POINT (106.70010958928572 10.772455749999999)
Phá»‘ Äá»“ Cá»• LÃª CÃ´ng Kiá»u,ChÆ¡Ì£,3.8,14.0,"27-3 LÃª CÃ´ng Kiá»u, Quáº­n 1, ThÃ nh phá»‘ Há»“ ChÃ­ Minh",khÃ´ng cÃ³ Ä‘Ã¡nh giÃ¡,10.770429,106.700151,POINT (106.700151 10.770429)
Ben Thanh Mart,ChÆ¡Ì£,4.1,17.0,"171 LÃª ThÃ¡nh TÃ´n, Quáº­n 1, ThÃ nh phá»‘ Há»“ ChÃ­ Minh",Báº¿n ThÃ nh Market,10.7731558,106.6976486,POINT (106.6976486 10.7731558)
Street Market,ChÆ¡Ì£,4.3,21.0,"124 TÃ´n Tháº¥t Äáº¡m, Quáº­n 1, ThÃ nh phá»‘ Há»“ ChÃ­ Minh",khÃ´ng cÃ³ Ä‘Ã¡nh giÃ¡,10.7723837,106.702801,POINT (106.702801 10.7723837)
Cá»­a HÃ ng TrÃ¡i cÃ¢y nháº­p kháº©u Fi'fruits,ChÆ¡Ì£,4.8,29.0,"75 KÃ½ Con, Quáº­n 1, ThÃ nh phá»‘ Há»“ ChÃ­ Minh","Äá»“ uá»‘ng ráº¥t chi lÃ  cháº¥t lÆ°á»£ng, cáº£ sinh tá»‘ vÃ  nÆ°á»›c Ã©p Ä‘á»u siÃªu ngon.",10.7666845,106.6989222,POINT (106.6989222 10.7666845)
Chá»£ TÃ¢n Trá»¥,ChÆ¡Ì£,0.0,,"162/25A BÃ¹i Thá»‹ XuÃ¢n, Quáº­n 1, ThÃ nh phá»‘ Há»“ ChÃ­ Minh",khÃ´ng cÃ³ Ä‘Ã¡nh giÃ¡,10.7717241,106.6902307,POINT (106.6902307 10.7717241)
Táº¡p hÃ³a THÃšY TRÃ‚N sáº¡p 17-19B TÃ´n tháº¥t Ä‘áº¡m,ChÆ¡Ì£,4.0,21.0,"17-19B 67 TÃ´n Tháº¥t Äáº¡m, Quáº­n 1, ThÃ nh phá»‘ Há»“ ChÃ­ Minh",Báº¡n cÃ³ thá»ƒ ghÃ© Ä‘Ã¢y mua Ã­t Ä‘á»“ Äƒn trÆ°á»›c khi vÃ o phá»‘ Ä‘i bá»™ Nguyá»…n Huá»‡.,10.769878,106.703856,POINT (106.703856 10.769878)
American Market,ChÆ¡Ì£,3.0,8.0,"104 Yersin, Quáº­n 1, ThÃ nh phá»‘ Há»“ ChÃ­ Minh",khÃ´ng cÃ³ Ä‘Ã¡nh giÃ¡,10.7666507,106.6978133,POINT (106.6978133 10.7666507)
"Sáº¡p 5,6 ChuyÃªn DÃ¢y curoa , bÄƒng táº£i cÃ¡c loáº¡i",ChÆ¡Ì£,5.0,1.0,"338 Nguyá»…n CÃ´ng Trá»©, Quáº­n 1, ThÃ nh phá»‘ Há»“ ChÃ­ Minh","thÃ¢n thiá»‡n, giao tiáº¿p tá»‘t, giÃ¡ cáº£ pháº£i chÄƒng",10.7665002,106.6987775,POINT (106.6987775 10.7665002)
Moun.sgn Floral,Chá»£ hoa,5.0,10.0,"87C Äáº·ng Dung, Quáº­n 1, ThÃ nh phá»‘ Há»“ ChÃ­ Minh",Hoa siÃªu xinh vÃ  cÃ³ gu.,10.792416,106.6888841,POINT (106.6888841 10.792416)
The New Playground,Cá»­a hÃ ng quáº§n Ã¡o,4.3,1600.0,"26 LÃ½ Tá»± Trá»ng, Quáº­n 1, ThÃ nh phá»‘ Há»“ ChÃ­ Minh","má»›i thay Ä‘ia Ä‘iá»ƒm má»›i sáº¡ch sáº» Ä‘á»‡p Ä‘áº½ ,bÃ¬nh thÃ nh quÃª tÃ´i cá»‘ lÃªnğŸ¤«ğŸ¤«ğŸ¤«ğŸ¤«",10.7781683,106.7010262,POINT (106.7010262 10.7781683)
Weekday Morning Market,ChÆ¡Ì£,3.0,1.0,"2-26 Huá»³nh ThÃºc KhÃ¡ng, Quáº­n 1, ThÃ nh phá»‘ Há»“ ChÃ­ Minh",khÃ´ng cÃ³ Ä‘Ã¡nh giÃ¡,10.772777431243362,106.70251886799171,POINT (106.70251886799171 10.772777431243362)
Ban Quáº£n LÃ½ Chá»£ TÃ¢n Äá»‹nh,ChÆ¡Ì£,0.0,,"48-50 MÃ£ Lá»™, Quáº­n 1, ThÃ nh phá»‘ Há»“ ChÃ­ Minh",khÃ´ng cÃ³ Ä‘Ã¡nh giÃ¡,10.790365,106.690017,POINT (106.690017 10.790365)
Wsup Official,Chá»£ quáº§n Ã¡o,0.0,,"329/24 Tráº§n HÆ°ng Äáº¡o, Quáº­n 1, ThÃ nh phá»‘ Há»“ ChÃ­ Minh",khÃ´ng cÃ³ Ä‘Ã¡nh giÃ¡,10.7677119,106.6949723,POINT (106.6949723 10.7677119)
CHá»¢ THIáº¾T Bá»Š DÃ‚N SINH,Thiáº¿t bá»‹ khai thÃ¡c má»,5.0,2.0,"342 Nguyá»…n CÃ´ng Trá»©, Quáº­n 1, ThÃ nh phá»‘ Há»“ ChÃ­ Minh",khÃ´ng cÃ³ Ä‘Ã¡nh giÃ¡,10.770162478694571,106.70425262800508,POINT (106.70425262800508 10.770162478694571)
Táº¡p HoÃ¡ Sá»‘ 16,ChÆ¡Ì£,0.0,,"16 Nguyá»…n ThÃ¡i Há»c, Quáº­n 1, ThÃ nh phá»‘ Há»“ ChÃ­ Minh",khÃ´ng cÃ³ Ä‘Ã¡nh giÃ¡,10.7643917,106.6974064,POINT (106.6974064 10.7643917)
Silverland Ben Thanh,KhÃ¡ch sáº¡n,4.4,1500.0,"14-16 Le Lai Street, Ben Thanh, ward, Quáº­n 1, ThÃ nh phá»‘ Há»“ ChÃ­ Minh","Location: Vá»‹ trÃ­ quÃ¡ tá»‘t, gáº§n  báº¿n thÃ nh, nhiá»u hÃ ng quÃ¡n.",10.77165625,106.69738524117489,POINT (106.69738524117489 10.77165625)
My Joy,Chá»£ ná»•i,0.0,,"65 Nguyá»…n Du, Quáº­n 1, ThÃ nh phá»‘ Há»“ ChÃ­ Minh",khÃ´ng cÃ³ Ä‘Ã¡nh giÃ¡,10.778186949999998,106.6996286056835,POINT (106.6996286056835 10.778186949999998)
CÃ”NG TY TNHH SG-SEVEN,ChÆ¡Ì£,0.0,,"15A/44 LÃª ThÃ¡nh TÃ´n, Quáº­n 1, ThÃ nh phá»‘ Há»“ ChÃ­ Minh",khÃ´ng cÃ³ Ä‘Ã¡nh giÃ¡,10.778942,106.7030687,POINT (106.7030687 10.778942)
Vixton,Chá»£ quáº§n Ã¡o,0.0,,"239 LÃª ThÃ¡nh TÃ´n, Quáº­n 1, ThÃ nh phá»‘ Há»“ ChÃ­ Minh",khÃ´ng cÃ³ Ä‘Ã¡nh giÃ¡,10.7722698,106.6962681,POINT (106.6962681 10.7722698)
"FunnyBone Bar & Coffee,Hotel | Local Bar Quáº­n 1",NhÃ  hÃ ng,5.0,159.0,"135/44 Tráº§n HÆ°ng Äáº¡o, Quáº­n 1, ThÃ nh phá»‘ Há»“ ChÃ­ Minh",Bartender thÃ¬ dá»… thuoeng Ä‘áº¹p trai vui tÃ­nh ná»¯a,10.7667476,106.6941242,POINT (106.6941242 10.7667476)
Social Club Rooftop,QuÃ¡n bar,4.5,2000.0,"76 78 Nguyá»…n Thá»‹ Minh Khai, Quáº­n 1, ThÃ nh phá»‘ Há»“ ChÃ­ Minh","View Ä‘áº¹p, cocktails ngon, nhÃ¢n viÃªn dá»… thÆ°Æ¡ng, nháº¡c hay.",10.7792847,106.6947329,POINT (106.6947329 10.7792847)
Mulligans Saigon - Restaurant & Pub,NhÃ  hÃ ng,4.7,269.0,"91 Nguyá»…n ThÃ¡i BÃ¬nh, Quáº­n 1, ThÃ nh phá»‘ Há»“ ChÃ­ Minh","Ã‚m nháº¡c ok, ko gian tá»‘t.",10.7689377,106.6994059,POINT (106.6994059 10.7689377)
Zion Sky Lounge and Dining,NhÃ  hÃ ng,4.3,1200.0,"87A HÃ m Nghi, Quáº­n 1, ThÃ nh phá»‘ Há»“ ChÃ­ Minh","Bar Ä‘áº¹p, nháº¡c hay sÃ´i Ä‘á»™ng, tuy nhiÃªn nhÃ¢n viÃªn thu xáº¿p bÃ n cháº­m",10.770528,106.70209,POINT (106.70209 10.770528)
TNR Saigon,QuÃ¡n bar,4.5,574.0,"57 Äá»— Quang Äáº©u, Quáº­n 1, ThÃ nh phá»‘ Há»“ ChÃ­ Minh","Bar vibe tÃ¢y nhÆ°ng price Viá»‡t
Thá»© 7, Chá»§ Nháº­t cÃ³ DJ bao dzui",10.7671444,106.6906673,POINT (106.6906673 10.7671444)
11:11 Club,CÃ¢u láº¡c bá»™,4.2,165.0,"134 Nguyá»…n ThÃ¡i Há»c, Quáº­n 1, ThÃ nh phá»‘ Há»“ ChÃ­ Minh","QuÃ¡n tuyá»‡t vá»i, nháº¡c hay cÃ³ anh booking Gin dá»… thÆ°Æ¡ng ğŸ¤",10.7688396,106.6949804,POINT (106.6949804 10.7688396)
Apocalypse Now Sai Gon,QuÃ¡n bar cocktail,4.4,234.0,"2f Thi SÃ¡ch, Quáº­n 1, ThÃ nh phá»‘ Há»“ ChÃ­ Minh",Äiá»ƒm vui chÆ¡i giáº£i trÃ­ thÃº vá»‹ â€¦ lady night cÃ²n Ä‘c free cáº£ cocktail ná»¯aÂ ...,10.7761929,106.706267,POINT (106.706267 10.7761929)
Carmen Bar,QuÃ¡n bar,4.3,1000.0,"8 LÃ½ Tá»± Trá»ng, Quáº­n 1, ThÃ nh phá»‘ Há»“ ChÃ­ Minh","Cocktail á»•n Ã¡p, ban nháº¡c chÃ¡y háº¿t mÃ¬nh (9-12 giá»).",10.7821272,106.7048688,POINT (106.7048688 10.7821272)
Joint Pub Saigon,QuÃ¡n rÆ°á»£u,4.9,79.0,"152 Cá»‘ng Quá»³nh, Quáº­n 1, ThÃ nh phá»‘ Há»“ ChÃ­ Minh",Vá»‹ trÃ­ cá»§a quÃ¡n cÅ©ng ráº¥t thuáº­n tiá»‡n vÃ  dá»… tÃ¬m.,10.7662409,106.6893343,POINT (106.6893343 10.7662409)
Dot Bar Drinkery & Kitchen,QuÃ¡n bar cocktail,4.9,707.0,"75 Hai BÃ  TrÆ°ng, Quáº­n 1, ThÃ nh phá»‘ Há»“ ChÃ­ Minh","Cocktail ngon, bartenders siÃªu dá»… thÆ°Æ¡ng, khÃ´ng gian Ä‘áº¹p.",10.7778658,106.7036449,POINT (106.7036449 10.7778658)
STATION SPORT BAR,Bar thá»ƒ thao,4.3,482.0,"135 BÃ¹i Viá»‡n, Quáº­n 1, ThÃ nh phá»‘ Há»“ ChÃ­ Minh",Bartender Ä‘áº¹p trai !,10.7666588,106.6922766,POINT (106.6922766 10.7666588)
Drinking & Healing,QuÃ¡n bar cocktail,4.3,531.0,"25 Há»“ TÃ¹ng Máº­u, Quáº­n 1, ThÃ nh phá»‘ Há»“ ChÃ­ Minh","Má»™t quÃ¡n hidden bar á»Ÿ , náº±m áº©n mÃ¬nh sau nhá»¯ng quÃ¡n nháº­u Ä‘Ã´ng Ä‘Ãºc.",10.7701667,106.7047847,POINT (106.7047847 10.7701667)
Twilight Sky Bar Saigon,QuÃ¡n bar,4.8,485.0,"180 LÃ½ Tá»± Trá»ng, Quáº­n 1, ThÃ nh phá»‘ Há»“ ChÃ­ Minh",Má»i ngÆ°á»i nÃªn Ä‘áº¿n Bar Ä‘á»ƒ tráº£i nghiá»‡m vÃ  thÆ°á»Ÿng thá»©c,10.7732393,106.6960585,POINT (106.6960585 10.7732393)
To - Hidden Cocktails Bar ãƒˆ - éš ã‚Œå®¶ãƒãƒ¼,QuÃ¡n bar,4.8,141.0,"02nd floor of GS25, 02 Le Thanh Ton, ward, Quáº­n 1, ThÃ nh phá»‘ Há»“ ChÃ­ Minh",TÃ¬m hidden bar mÃ  Ä‘Ãºng gu mÃ¬nh á»Ÿ Saigon ko dá»….,10.7821981,106.7059216,POINT (106.7059216 10.7821981)
Sahara Bar & Lounge,QuÃ¡n bar,3.7,955.0,"113 BÃ¹i Viá»‡n, Quáº­n 1, ThÃ nh phá»‘ Há»“ ChÃ­ Minh",Ngá»“i bar Ä‘á»‘i diá»‡n.,10.7668985,106.6928146,POINT (106.6928146 10.7668985)
Monkee Shisha House - The One & Only Healing lounge,QuÃ¡n bar Hookah,4.9,1400.0,"45 Tráº§n HÆ°ng Äáº¡o, Quáº­n 1, ThÃ nh phá»‘ Há»“ ChÃ­ Minh","Lounge khÃ´ng gian khÃ¡ riÃªng tÆ°, a DJ Ä‘Ã¡nh nháº¡c hay.",10.7667277,106.6941067,POINT (106.6941067 10.7667277)
S PUB,QuÃ¡n bar,4.9,33.0,"25 BÃ¹i Viá»‡n, Quáº­n 1, ThÃ nh phá»‘ Há»“ ChÃ­ Minh",BÃ³ng bay vÃ  nhá»¯ng vÅ© cÃ´ng tuyá»‡t vá»i,10.7682303,106.6943986,POINT (106.6943986 10.7682303)
Amber Lounge: Live Music Bar District 1 (Ground Floor) - DJ Club (First Floor),QuÃ¡n bar,4.9,499.0,"64 Ä. TÃ´n Tháº¥t Thiá»‡p, Quáº­n 1, ThÃ nh phá»‘ Há»“ ChÃ­ Minh","QuÃ¡ hay, nÃªn ghÃ© Ä‘á»ƒ nghe live music",10.7734573,106.7019417,POINT (106.7019417 10.7734573)
Frolic Bar,QuÃ¡n bar cho ngÆ°á»i Ä‘á»“ng tÃ­nh,4.6,436.0,"151 Äá» ThÃ¡m, Quáº­n 1, ThÃ nh phá»‘ Há»“ ChÃ­ Minh","Frolic lÃ  quÃ¡n bar gay, ráº¥t Ä‘Ã´ng vui.",10.7654596,106.694753,POINT (106.694753 10.7654596)
Firkin Bar,QuÃ¡n bar cocktail,4.7,715.0,"20 Máº¡c Thá»‹ BÆ°á»Ÿi, Quáº­n 1, ThÃ nh phá»‘ Há»“ ChÃ­ Minh","Bartender siÃªu dá»… thÆ°Æ¡ng, nÆ°á»›c siÃªu ngon .",10.775949,106.705199,POINT (106.705199 10.775949)
MixTape Drinks,QuÃ¡n bia,4.7,177.0,"40 Äáº·ng Thá»‹ Nhu, Quáº­n 1, ThÃ nh phá»‘ Há»“ ChÃ­ Minh","NÃªn gá»i tacos nha, mÃ¬nh gá»i 5 vá»‹ thÃ¬ táº¥t cáº£ Ä‘á»u á»•n.",10.7692432,106.6971049,POINT (106.6971049 10.7692432)
Ocean Bar & Lounge,QuÃ¡n bar,4.0,87.0,"45 BÃ¹i Viá»‡n, Quáº­n 1, ThÃ nh phá»‘ Há»“ ChÃ­ Minh",Táº§m gáº§n 19:00 sáº½ cÃ³ ban nháº¡c hÃ¡t live.,10.7674187,106.6939862,POINT (106.6939862 10.7674187)
86 Phá»‘ TÃ¢y,QuÃ¡n bar cocktail,3.6,437.0,"88-86 BÃ¹i Viá»‡n, Quáº­n 1, ThÃ nh phá»‘ Há»“ ChÃ­ Minh","7.5Ä‘
gáº§n beer  nÃªn nháº¡c xáº­p xÃ¬nh",10.76679,106.692571,POINT (106.692571 10.76679)
LOST IN SAIGON,QuÃ¡n bar,3.9,322.0,"60-62 BÃ¹i Viá»‡n, Quáº­n 1, ThÃ nh phá»‘ Há»“ ChÃ­ Minh","chuyÃªn hÃ¡t nháº¡c rock, nvien dthg",10.7670541,106.693165,POINT (106.693165 10.7670541)
Belgo,NhÃ  hÃ ng,4.5,2200.0,"159A Nguyá»…n VÄƒn Thá»§, Quáº­n 1, ThÃ nh phá»‘ Há»“ ChÃ­ Minh",Plenty of beers to try with good foods.,10.7878397,106.6970529,POINT (106.6970529 10.7878397)
The Hungry Pig,MÃ³n nÆ°á»›ng,4.7,1500.0,"40/24 BÃ¹i Viá»‡n, Quáº­n 1, ThÃ nh phá»‘ Há»“ ChÃ­ Minh","Cherry BBQ burger vÃ  sandwich Hogwarts ngon, Veggy no pig nháº¡t.",10.767379,106.6938957,POINT (106.6938957 10.767379)
PK Maltroom,QuÃ¡n bar,4.8,249.0,"8A Äáº·ng Táº¥t, Quáº­n 1, ThÃ nh phá»‘ Há»“ ChÃ­ Minh","QuÃ¡n bar cocktails chill, Ä‘a dáº¡ng cÃ¡c thá»ƒ loáº¡i rÆ°á»£u.",10.792968,106.6890569,POINT (106.6890569 10.792968)
The Arth Saigon,Quáº§y giáº£i khÃ¡t,4.3,339.0,"222 Nguyá»…n CÃ´ng Trá»©, Quáº­n 1, ThÃ nh phá»‘ Há»“ ChÃ­ Minh","Lovely place, friendly staff, absolutely fabulous drinks .",10.7679544,106.7005789,POINT (106.7005789 10.7679544)
Crazy Night,QuÃ¡n bar,3.3,315.0,"208 BÃ¹i Viá»‡n, Quáº­n 1, ThÃ nh phá»‘ Há»“ ChÃ­ Minh",Decor mang tinh tháº§n ngÃ y lá»… nhÆ°ng Ä‘á»“ uá»‘ng vÃ  nháº¡c khÃ¡ bÃ¬nh thÆ°á»ng,10.7661582,106.6912611,POINT (106.6912611 10.7661582)
Sky Bar Corner,QuÃ¡n bar,3.9,132.0,"40B BÃ¹i Viá»‡n, Quáº­n 1, ThÃ nh phá»‘ Há»“ ChÃ­ Minh",QÃºy anh chá»‹ cáº§n váº½ hÃ³a trang cho lá»… halloween thÃ¬ cá»© liÃªn há»‡ em áº¡,10.7674775,106.6940604,POINT (106.6940604 10.7674775)
Hair Of The Dog,Quáº§y giáº£i khÃ¡t,4.4,1000.0,"194 BÃ¹i Viá»‡n, Quáº­n 1, ThÃ nh phá»‘ Há»“ ChÃ­ Minh","dj mc ok , dj danh nháº¡c lÃªn  tá»›i nÃ³c ?",10.7664702,106.6918018,POINT (106.6918018 10.7664702)
CLIMB - Hidden Cocktails Bar,QuÃ¡n bar cocktail,4.8,331.0,"2F & 3F, 15 Phan VÄƒn Äáº¡t, Quáº­n 1, ThÃ nh phá»‘ Há»“ ChÃ­ Minh",RÆ°á»£u ngon quÃ¡n Ä‘áº¹p Bartender giao tiáº¿p ráº¥t tá»‘t vá»›i khÃ¡ch,10.775379318377771,106.70538668448224,POINT (106.70538668448224 10.775379318377771)
VIET STAR BUFFET CLUB,QuÃ¡n bar ca nháº¡c trá»±c tiáº¿p,4.4,181.0,"119 BÃ¹i Viá»‡n, Quáº­n 1, ThÃ nh phá»‘ Há»“ ChÃ­ Minh",Another highlight was the barâ€™s location.,10.7668313,106.6926636,POINT (106.6926636 10.7668313)
Knock Knock Restaurant & Bar,QuÃ¡n bar,2.4,64.0,"136 BÃ¹i Viá»‡n, Quáº­n 1, ThÃ nh phá»‘ Há»“ ChÃ­ Minh","Äáº¹p , nhÃ¢n viÃªn nhiá»‡t tÃ¬nh , nháº£y Ä‘áº¹p",10.7666346,106.6922218,POINT (106.6922218 10.7666346)
Go2 Wine Bar Saigon - BÃ¹i Viá»‡n,QuÃ¡n bar,4.0,163.0,"187 Äá» ThÃ¡m, Quáº­n 1, ThÃ nh phá»‘ Há»“ ChÃ­ Minh",Ä‘á»‹a Ä‘iá»ƒm giáº£i trÃ­ Ä‘á»™c Ä‘Ã¡o vÃ  sÃ´i Ä‘á»™ng.,10.7672609,106.6939182,POINT (106.6939182 10.7672609)
Kingdom Karaoke,QuÃ¡n bar karaoke,4.2,1800.0,"67-69 Pháº¡m Viáº¿t ChÃ¡nh, Quáº­n 1, ThÃ nh phá»‘ Há»“ ChÃ­ Minh",Kingdom Karaoke PVC chuan sang â€“ xjn â€“ sach lun.,10.7671178,106.6842376,POINT (106.6842376 10.7671178)
Ruby's bar pool and dart,QuÃ¡n bar,4.8,165.0,"80 Pasteur, Quáº­n 1, ThÃ nh phá»‘ Há»“ ChÃ­ Minh",BÃ  chá»§ nhiá»‡t tÃ¬nh vÃ  ráº¥t xinh gÃ¡i ( Ä‘iá»ƒm giáº£i trÃ­ Ä‘Ã¡ng Ä‘á»ƒ Ä‘áº¿n),10.7719048,106.7020674,POINT (106.7020674 10.7719048)
NhÃ  HÃ ng LÃºa Äáº¡i Viá»‡t,MÃ³n Äƒn Viá»‡t Nam,4.8,5700.0,"189 - 191 - 193 Äá» ThÃ¡m, Quáº­n 1, ThÃ nh phá»‘ Há»“ ChÃ­ Minh",KhÃ´ng gian thoÃ¡ng mÃ¡t.,10.7675184,106.6938961,POINT (106.6938961 10.7675184)
Hoff Coffee Brewers by BeanHop,QuÃ¡n cÃ  phÃª,4.8,285.0,"42bis LÃ½ Tá»± Trá»ng, Quáº­n 1, ThÃ nh phá»‘ Há»“ ChÃ­ Minh",NgoÃ i ra cÃ²n cÃ³ cÃ¡c mÃ³n non-coffee vÃ  cÃ¡c loáº¡i bÃ¡nh Äƒn kÃ¨m.,10.7774447,106.7000169,POINT (106.7000169 10.7774447)
GEM CafÃ©,QuÃ¡n cÃ  phÃª,3.8,177.0,"8 Nguyá»…n Bá»‰nh KhiÃªm, Quáº­n 1, ThÃ nh phá»‘ Há»“ ChÃ­ Minh",MÃ¬nh Ä‘ang tháº¯c máº¯c lÃ  máº·c Ä‘á»“ sang trá»ng Ä‘Æ°á»£c quan tÃ¢m hÆ¡n hay sao ??,10.79009235,106.7024696,POINT (106.7024696 10.79009235)
Hybrid Saigon,QuÃ¡n bar cocktail,4.9,143.0,"57 Nguyá»…n Du, Quáº­n 1, ThÃ nh phá»‘ Há»“ ChÃ­ Minh","QuÃ¡n Ä‘áº¹p, dá»‹ch vá»¥ ok, happy hour khÃ¡ lá»£i Ä‘á»ƒ tráº£i nghiá»‡m.",10.7794971,106.7005803,POINT (106.7005803 10.7794971)
The ATM Cocktail Bar & Kitchen,QuÃ¡n bar cocktail,4.7,331.0,"27/10 Nguyá»…n Bá»‰nh KhiÃªm, Quáº­n 1, ThÃ nh phá»‘ Há»“ ChÃ­ Minh",TrÃªn láº§u chÆ°a lÃªn nhÆ°ng lÃ  khÃ´n gian dÃ nh riÃªng cho khÃ¡ch hÃºt xÃ¬ gÃ .,10.7863884,106.7059394,POINT (106.7059394 10.7863884)
Hmm.,QuÃ¡n bar cocktail,4.4,287.0,"85 Pasteur, Quáº­n 1, ThÃ nh phá»‘ Há»“ ChÃ­ Minh","NÆ°á»›c uá»‘ng ngon, khÃ´ng gian Ä‘áº¹p nhÆ°ng má»Ÿ nháº¡c ráº¥t báº¥t á»•n mÃ¬nh cho 3 sao.",10.775384,106.700506,POINT (106.700506 10.775384)
Stairs Bar,QuÃ¡n bar cocktail,4.9,127.0,"95/32 LÃª Thá»‹ RiÃªng, Quáº­n 1, ThÃ nh phá»‘ Há»“ ChÃ­ Minh","Äá»“ uá»‘ng ngon, chill , bartender Ä‘áº¹p trai, â€œlinh hoáº¡tâ€",10.7714039,106.6923216,POINT (106.6923216 10.7714039)
adau kitchen,NhÃ  hÃ ng,4.8,157.0,"70 HÃ m Nghi, Quáº­n 1, ThÃ nh phá»‘ Há»“ ChÃ­ Minh","Tin Ä‘Æ°á»£c khÃ´ng, mÃ³n nÃ y Ä‘Æ°á»£c láº¥y Ã½ tÆ°á»Ÿng tá»« mÃ³n bÃ¡nh xÃ¨o thÃ¢n thuá»™c.",10.7710232,106.7034647,POINT (106.7034647 10.7710232)
"PhinPhin - Salted coffee , smoothie bowl & all day breakfast",QuÃ¡n cÃ  phÃª,5.0,141.0,"39/7 Äá»— Quang Äáº©u, Quáº­n 1, ThÃ nh phá»‘ Há»“ ChÃ­ Minh","KhÃ´ng gian yÃªn tÄ©nh, Ä‘á»“ Äƒn vÃ  nÆ°á»›c uá»‘ng ngon tuyá»‡t, tÃ´i sáº½ quay láº¡i",10.7663546,106.6912668,POINT (106.6912668 10.7663546)
Me Bar - Drink and Chill,QuÃ¡n bar cocktail,4.8,399.0,"33 Nguyá»…n Trung Trá»±c, Quáº­n 1, ThÃ nh phá»‘ Há»“ ChÃ­ Minh","Cocktail ngon, cÃ³ view nhÃ¬n xuá»‘ng Ä‘Æ°á»ng phá»‘ ráº¥t Ä‘áº¹p",10.7749562,106.6979121,POINT (106.6979121 10.7749562)
Sipply Specialty Coffee,QuÃ¡n cÃ  phÃª,4.9,697.0,"200 LÃª ThÃ¡nh TÃ´n, Quáº­n 1, ThÃ nh phá»‘ Há»“ ChÃ­ Minh","Highly recommend má»i ngÆ°á»i náº¿u Ä‘g tÃ¬m má»™t quÃ¡n cafe cÃ³ gu, cháº¥t lÆ°á»£ng",10.77301,106.696804,POINT (106.696804 10.77301)
Háº»m GÃ©ms,QuÃ¡n cÃ  phÃª,3.0,1.0,"24 Há»“ Huáº¥n Nghiá»‡p, Quáº­n 1, ThÃ nh phá»‘ Há»“ ChÃ­ Minh",khÃ´ng cÃ³ Ä‘Ã¡nh giÃ¡,10.774618470238496,106.70553908930367,POINT (106.70553908930367 10.774618470238496)
Bleu Monkey Coffee,QuÃ¡n cÃ  phÃª,4.6,60.0,"53 TrÆ°Æ¡ng Äá»‹nh, Quáº­n 1, ThÃ nh phá»‘ Há»“ ChÃ­ Minh",LÃ  má»™t trong nhá»¯ng Ä‘á»‹a Ä‘iá»ƒm Ä‘Ã¡ng tráº£i nghiá»‡m.,10.772787,106.695428,POINT (106.695428 10.772787)
Cocktail Evil 666,QuÃ¡n bar cocktail,4.9,202.0,"121 LÃª Lá»£i, Quáº­n 1, ThÃ nh phá»‘ Há»“ ChÃ­ Minh","Äá»“ uá»‘ng ngon, bartender Ä‘áº¹p trai ğŸ¤Œ",10.772617050000001,106.69982093021952,POINT (106.69982093021952 10.772617050000001)
CELLAR.,QuÃ¡n bar cocktail,4.8,43.0,"8A/6D2 ThÃ¡i VÄƒn Lung, Quáº­n 1, ThÃ nh phá»‘ Há»“ ChÃ­ Minh",QuÃ¡n bar chung má»™t toÃ   vá»›i quÃ¡n bar cá»§a tui.,10.778282,106.705735,POINT (106.705735 10.778282)
Every Half Coffee Roasters - Pasteur,QuÃ¡n cÃ  phÃª,4.8,228.0,"34 Pasteur, Quáº­n 1, ThÃ nh phá»‘ Há»“ ChÃ­ Minh","QuÃ¡n Ä‘áº¹p,cafe ngon nhÆ°ng máº¥t ngon vÃ¬ tráº£i nghiá»‡m ráº¥tâ€¦kÃ©m!",10.7702664,106.7027625,POINT (106.7027625 10.7702664)
The Log Restaurant,NhÃ  hÃ ng,4.1,880.0,"Rooftop, Gem Center, 8 Nguyá»…n Bá»‰nh KhiÃªm, Quáº­n 1, ThÃ nh phá»‘ Há»“ ChÃ­ Minh",QuÃ¡n xinh view chá»¥p Ä‘áº¹p nhÆ°ng nv Ä‘á»©ng che háº¿t cáº£ khu decor chá»¥p hÃ¬nh ?,10.7900777,106.7027166,POINT (106.7027166 10.7900777)
